1939,1940,1941,1942,1943,1944,1945,1946,1947,1948,1949,1950,1951,1952,1953,1954,1955,1956,1957,1958,1959,1960,1961,1962,1963,1964,1965,1966,1967,1968,1969,1970,1971,1972,1973,1974,1975,1976,1977,1978,1979,1980,1981,1982,1983,1984,1985,1986,1987,1988,1989,1990,1991,1992,1993,1994,1995,1996,1997,1998,1999,2000,2001,2002,2003,2004,2005,2006,2007,2008,2009,2010,2011,2012,2013,2014,2015,2016,2017,2018,2019,2020,2021,2022
69,55,78,64,74,48,60,69,31,52,67,68,74,78,70,65,81,70,65,52,59,51,47,58,63,64,76,74,62,44,41,56,70,58,51,39,48,73,35,58,33,64,70,62,41,60,49,49,57,45,72,57,46,65,37,72,51,58,73,65,75,76,35,41,73,74,75,85,57,55,68,55,58,63,55,69,40,48,75,32,46,58,53,78
73,48,62,34,73,48,62,77,39,57,69,75,76,41,60,80,74,77,56,55,67,61,52,69,58,71,72,69,70,57,45,41,68,58,41,37,47,62,35,42,32,68,63,75,45,54,32,70,62,48,68,55,49,66,50,79,45,48,73,70,64,74,38,45,58,79,72,78,54,50,75,55,56,60,45,55,43,47,74,32,41,60,64,48
74,53,58,47,73,64,57,75,30,74,82,76,66,40,61,70,80,70,67,58,45,46,53,65,64,73,53,56,52,56,52,49,83,66,66,32,53,46,41,50,40,57,70,79,47,57,50,64,57,54,78,74,46,71,67,63,48,53,75,73,41,71,53,46,68,79,77,86,53,53,83,49,59,62,47,58,62,62,76,56,52,66,72,57
73,51,52,32,45,66,53,73,29,70,51,68,76,63,68,75,76,70,77,47,32,50,55,76,61,60,58,47,65,42,43,48,42,41,52,39,56,47,66,60,50,59,55,64,41,74,56,66,60,50,68,64,40,62,64,65,45,67,84,74,42,55,69,51,68,78,78,78,66,66,66,48,58,73,45,71,51,58,50,55,66,73,78,67
70,45,58,31,42,56,55,73,47,70,54,32,76,66,72,67,71,76,65,45,38,46,52,58,60,62,58,62,66,41,57,47,37,40,49,47,67,45,48,79,49,55,56,73,59,70,56,53,60,49,81,51,52,59,52,72,41,54,66,75,56,60,72,53,72,48,70,69,81,79,43,49,71,70,56,59,52,56,63,62,75,76,73,74
72,42,51,35,43,55,77,67,46,60,59,47,68,55,73,74,54,84,75,55,42,43,55,61,59,59,74,66,70,53,69,35,38,57,42,70,69,63,51,76,33,72,63,77,61,75,62,62,68,45,84,48,53,62,52,73,71,42,50,68,63,67,73,63,65,38,39,66,57,75,67,51,67,74,61,36,71,53,34,63,72,76,71,56
72,42,54,40,46,54,65,56,53,68,65,46,51,65,79,71,51,61,69,51,60,64,56,61,62,66,77,67,45,31,77,43,35,60,41,52,77,56,53,80,35,59,59,67,68,65,61,53,65,39,79,64,46,61,55,52,58,42,34,53,74,55,62,60,61,48,60,79,61,80,74,53,77,69,57,48,51,73,44,67,77,69,63,42
69,42,65,35,44,40,74,49,50,75,69,60,60,77,74,74,54,54,78,53,59,68,53,69,77,71,78,65,41,32,79,46,49,68,37,64,68,40,54,58,36,51,59,52,53,64,60,37,56,34,60,74,48,63,61,60,76,51,37,63,75,62,60,68,73,67,59,78,66,72,81,35,65,60,53,53,36,66,53,69,77,71,54,63
73,52,66,46,59,48,55,62,46,70,82,69,62,78,66,64,55,62,81,54,47,61,54,55,75,51,71,67,43,40,51,32,67,71,28,62,71,57,38,44,36,51,56,64,65,65,69,47,61,41,45,77,52,59,76,64,73,67,56,71,48,77,61,74,83,68,69,80,64,68,80,42,51,57,59,70,38,58,71,70,62,78,54,64
66,64,61,48,67,56,65,46,46,56,69,67,65,56,76,47,47,65,56,68,55,69,59,20,86,56,43,67,58,40,47,44,81,68,30,42,61,70,43,39,39,61,55,47,62,48,56,63,55,42,60,77,52,60,41,71,75,71,60,58,57,79,51,69,56,62,73,63,68,69,68,48,40,58,66,72,36,50,79,71,60,77,45,59
58,76,68,61,59,53,65,63,62,59,36,56,58,65,69,54,57,60,50,68,65,73,49,30,61,63,46,68,56,46,54,71,84,62,30,44,57,64,41,34,46,66,58,30,66,49,40,66,55,52,64,85,50,54,43,73,77,66,37,64,68,76,64,61,47,65,79,75,69,69,62,57,44,77,75,75,49,56,80,72,61,60,50,51
49,61,68,66,55,46,73,46,70,67,40,75,67,76,70,45,65,62,70,62,64,75,51,49,25,44,58,70,62,51,61,44,66,77,38,34,40,71,42,36,59,59,50,49,61,61,32,72,62,68,62,63,62,57,67,57,76,72,30,74,73,78,48,66,40,67,72,77,73,71,64,66,40,50,75,67,46,66,81,58,61,63,53,66
54,73,61,68,66,33,73,45,63,49,48,73,74,76,70,40,51,62,72,58,68,72,65,56,33,41,62,56,57,53,61,42,77,61,54,46,47,77,46,59,47,71,57,33,70,45,34,67,56,49,41,59,64,55,50,66,67,76,27,61,65,71,52,69,46,71,65,66,69,64,56,59,40,58,53,71,42,66,78,54,54,60,67,75
58,54,69,69,74,39,76,41,67,59,63,68,57,71,77,46,58,68,60,71,76,70,62,73,46,44,67,57,70,54,63,52,70,53,65,64,58,59,46,47,37,79,63,56,71,35,55,71,64,55,58,62,70,52,49,73,67,76,32,59,58,68,62,65,51,67,57,69,41,63,64,58,47,67,51,76,40,70,56,61,52,77,69,78
53,54,75,63,71,50,59,39,64,67,76,78,74,74,75,69,58,62,40,56,64,59,66,51,55,39,71,62,54,55,71,56,62,38,70,61,65,67,59,60,45,76,61,65,53,39,52,71,60,63,74,77,66,58,63,60,67,73,63,63,65,75,55,68,52,62,56,72,36,53,55,55,50,64,42,64,59,70,73,71,51,82,60,64
55,58,66,70,82,52,55,52,64,51,58,63,73,78,38,50,68,52,35,65,50,47,71,59,52,37,48,63,65,60,78,61,69,53,67,71,65,68,42,73,60,75,53,46,55,40,52,69,51,62,55,75,68,42,60,68,77,76,52,70,73,76,53,72,55,68,50,68,31,57,47,62,51,73,54,72,64,64,70,38,57,73,65,63
61,65,51,69,48,60,49,59,39,40,37,69,74,76,56,47,68,48,48,68,61,61,74,55,50,61,52,46,52,63,73,66,71,60,74,76,64,68,47,37,63,66,43,43,54,43,57,70,42,75,61,76,66,42,63,62,65,76,42,64,81,78,45,62,45,76,54,59,33,47,68,65,67,74,67,64,69,57,59,38,77,59,69,68
61,48,50,68,49,64,63,57,43,42,53,76,83,80,71,64,54,37,58,58,64,47,71,49,67,69,62,39,40,59,60,50,68,72,76,79,67,72,44,34,67,74,43,66,51,40,69,73,43,72,61,76,52,43,70,42,57,62,53,74,71,83,39,52,59,52,51,73,42,40,75,69,67,66,66,70,72,59,56,45,66,70,75,75
68,33,58,63,32,67,62,69,55,35,45,46,81,80,85,73,43,49,57,58,73,35,62,47,53,76,67,44,51,56,57,44,48,73,73,60,61,72,49,38,69,65,39,69,41,37,70,73,55,70,59,71,65,50,46,57,65,46,60,60,75,87,51,59,65,57,69,77,46,50,71,73,66,80,69,72,75,69,71,54,62,58,69,81
72,45,64,68,45,71,48,61,62,44,45,48,74,79,68,82,55,54,69,56,79,48,56,32,44,74,71,38,56,57,63,55,64,83,76,78,56,56,58,36,66,63,61,74,38,33,34,79,48,52,58,66,52,57,66,51,66,68,61,67,75,66,51,61,76,58,74,78,43,56,63,73,59,74,75,82,80,57,76,68,54,62,55,42
72,39,71,70,70,70,65,43,55,65,58,65,51,78,67,36,61,52,70,57,47,55,48,57,55,69,65,36,66,56,82,36,77,65,65,76,65,65,64,31,57,51,56,72,41,44,42,77,49,59,56,69,44,47,77,50,68,69,68,76,80,60,53,73,82,60,74,60,66,55,76,76,50,61,74,63,56,64,81,72,67,62,66,50
61,31,64,77,81,70,55,52,58,78,58,77,64,65,72,47,52,49,72,61,49,54,56,65,69,74,72,38,74,67,84,45,80,83,64,77,55,68,51,35,62,51,59,79,51,45,42,62,53,57,61,73,51,72,74,50,73,73,76,49,69,75,57,69,56,63,67,49,49,59,79,75,64,76,73,70,52,54,70,65,69,59,78,55
59,43,73,75,84,68,60,64,62,49,71,83,68,63,63,58,49,48,40,47,57,40,68,32,48,73,62,41,75,51,78,48,70,88,55,52,65,73,61,41,54,59,68,61,58,63,46,63,61,60,66,78,50,62,75,55,58,79,69,59,66,74,58,79,42,64,46,64,43,41,80,72,54,67,76,56,51,57,76,66,56,67,61,58
53,38,58,80,77,65,57,63,73,43,75,81,66,70,75,70,65,58,51,60,60,46,73,46,35,67,63,40,76,60,62,66,81,74,51,48,70,67,59,51,48,66,75,72,66,49,63,68,76,58,74,74,57,68,57,67,56,59,76,60,75,59,67,71,46,64,62,71,48,44,64,65,59,68,81,40,63,70,84,65,64,69,71,53
54,27,73,82,61,73,69,71,76,38,33,82,64,80,79,71,66,54,58,69,68,53,33,58,55,63,76,44,76,73,55,77,87,66,43,48,84,70,59,55,51,67,74,72,60,63,74,67,69,56,72,60,58,63,52,71,58,69,66,62,75,61,61,62,43,75,80,71,64,42,60,67,59,70,81,70,73,75,69,66,61,67,76,53
57,35,62,81,41,75,63,55,76,33,37,72,74,79,78,74,69,62,37,67,66,64,42,68,49,66,63,49,67,71,62,73,78,63,59,72,83,45,67,46,52,71,71,63,55,68,51,61,71,66,68,68,53,54,62,74,71,71,73,69,75,47,69,62,46,66,77,62,64,73,71,69,63,70,67,76,74,58,59,68,64,79,73,55
49,44,55,76,51,65,57,48,81,32,64,54,79,70,75,55,59,78,37,65,46,70,32,63,32,74,59,55,57,67,74,75,68,83,67,70,82,52,80,45,50,43,69,71,44,67,75,51,75,66,57,79,74,56,63,68,77,53,73,68,76,43,62,73,57,54,61,71,69,70,67,69,69,71,81,60,83,59,58,70,67,70,65,61
58,63,57,71,51,58,52,46,68,25,47,60,63,67,65,55,62,78,53,54,54,68,39,65,38,68,66,57,70,69,75,79,68,45,49,62,76,60,65,45,40,44,69,72,67,78,53,72,78,69,67,67,64,51,59,46,68,57,47,72,77,36,70,75,66,61,49,69,53,72,52,67,77,59,77,39,81,71,61,71,73,73,56,60
62,67,66,66,74,59,52,50,78,33,26,79,28,76,69,68,63,78,62,61,68,61,51,73,47,57,76,35,73,73,76,62,78,39,54,67,77,70,43,44,40,38,76,75,73,77,55,72,79,73,53,64,76,57,54,51,52,72,57,74,69,44,65,81,63,54,52,80,52,73,58,64,74,63,84,49,79,76,70,68,50,63,69,68
68,64,66,66,75,56,48,68,64,54,22,43,21,72,76,76,71,48,45,74,61,66,60,77,52,57,59,42,78,71,70,56,90,44,63,73,75,73,40,41,58,50,63,71,69,61,71,73,70,75,69,74,40,67,58,55,57,76,65,74,60,47,68,75,56,59,48,70,58,61,66,46,81,64,60,65,58,77,79,67,55,50,80,71
71,67,63,57,73,60,50,55,65,55,33,40,21,75,66,66,73,47,53,70,52,64,64,78,62,67,61,68,76,74,53,55,61,46,72,77,76,56,47,38,37,39,57,59,76,54,47,75,68,77,76,70,56,74,62,42,69,36,74,61,64,54,59,72,73,63,44,74,51,61,71,36,78,73,70,80,62,86,78,72,58,63,69,59
71,65,62,62,59,65,52,62,56,43,34,42,27,79,66,69,75,59,67,70,45,63,72,75,83,62,53,52,77,74,53,68,49,49,66,75,52,72,49,44,43,39,56,58,54,62,23,76,75,79,72,71,63,69,71,46,76,29,82,62,72,51,55,52,72,60,44,67,57,63,78,46,66,82,73,76,73,77,82,73,65,74,67,66
57,58,63,72,70,67,65,62,61,46,41,45,40,76,71,68,75,43,62,67,35,64,64,77,74,58,47,48,67,61,76,59,44,61,65,83,50,81,48,41,46,45,47,64,56,65,30,74,77,67,77,70,66,59,62,56,81,31,83,61,67,55,54,53,71,62,44,75,47,78,64,52,26,72,78,55,49,72,64,59,64,81,69,60
53,48,55,69,75,67,72,65,71,50,59,42,54,69,78,79,63,32,75,61,45,64,70,79,56,55,51,57,58,64,57,49,68,46,68,65,49,79,59,42,49,66,56,48,52,68,32,71,74,48,39,68,59,59,59,54,70,34,78,66,78,75,63,56,76,57,55,65,55,81,77,50,28,75,73,46,43,58,53,56,76,73,77,37
58,68,52,69,66,69,70,70,58,64,62,49,68,63,73,82,60,43,83,68,67,55,64,80,66,55,48,62,72,66,56,66,73,54,76,67,60,77,65,50,44,61,49,44,45,69,36,78,77,42,24,66,64,57,56,76,70,38,69,61,71,62,65,52,60,51,56,71,68,80,68,47,41,69,76,64,55,59,51,76,77,79,85,42
63,69,50,77,82,69,58,72,53,60,66,61,74,73,81,72,48,56,78,75,70,53,53,62,73,60,47,65,70,66,59,64,70,61,74,72,54,65,57,53,42,67,45,40,47,68,42,61,62,38,24,64,70,57,55,78,67,53,57,60,75,57,68,47,52,65,59,79,69,82,75,60,67,50,80,48,52,62,72,55,79,47,61,52
71,59,61,72,69,73,66,58,70,44,69,67,78,60,63,67,54,62,68,63,56,65,38,52,77,58,58,73,60,64,79,58,57,76,67,63,44,45,60,52,51,66,49,34,48,54,45,65,52,43,26,73,69,66,60,78,69,70,54,54,78,66,75,51,54,57,69,65,71,60,78,61,74,51,76,32,60,61,78,54,76,55,75,59
74,68,50,69,72,72,62,64,66,54,65,76,64,69,67,55,56,67,79,54,62,65,48,65,75,51,64,73,50,55,81,63,48,49,71,47,50,51,59,42,52,62,74,45,48,64,49,62,68,46,42,75,71,63,68,75,59,76,53,61,83,73,70,63,42,60,60,67,77,66,76,51,58,67,85,38,69,68,86,48,72,76,70,62
72,74,52,71,78,71,69,72,45,47,70,80,73,71,70,74,68,69,83,59,68,75,54,85,78,64,62,68,53,56,63,68,51,55,47,51,67,73,58,33,69,67,52,55,66,56,56,54,81,52,51,82,71,60,68,84,55,77,44,76,74,75,71,66,40,56,56,74,63,82,75,66,65,56,71,65,78,65,87,59,39,70,76,68
84,52,66,60,80,62,74,65,45,46,72,58,72,80,70,84,70,46,85,50,75,87,65,87,70,70,68,69,58,60,61,60,49,64,39,63,56,76,63,38,43,37,64,52,70,72,70,39,64,54,52,78,70,61,66,69,60,77,46,72,84,75,71,72,70,60,55,71,51,81,72,49,49,58,69,76,83,74,68,64,41,72,64,75
59,62,64,43,66,70,66,55,48,51,65,59,77,78,76,90,62,53,88,40,70,70,68,75,75,76,65,67,68,60,71,64,66,60,46,70,65,78,54,36,61,47,75,46,63,77,73,38,71,67,58,70,76,68,73,35,80,80,55,66,82,83,45,54,62,54,58,60,53,74,77,41,45,65,69,60,81,74,79,62,47,71,46,75
60,73,66,55,64,45,55,64,46,57,72,72,79,80,51,76,47,65,78,38,50,54,75,78,53,61,70,63,66,52,72,74,77,53,56,73,76,83,68,54,68,53,35,61,58,75,55,41,74,43,56,78,69,66,66,60,62,65,54,68,73,73,51,58,69,49,53,52,51,75,73,40,57,50,58,36,78,83,86,43,63,47,37,77
65,76,74,60,67,47,65,69,53,29,70,70,83,78,55,62,56,65,80,37,60,45,79,82,37,68,46,61,58,60,72,61,64,70,65,78,69,77,66,65,76,54,47,67,52,70,64,46,77,65,74,78,75,78,66,71,42,66,50,65,59,67,56,66,67,47,65,67,67,68,78,48,68,44,71,57,62,79,79,44,65,57,33,58
71,56,66,64,70,58,75,69,59,57,78,56,67,75,55,67,67,79,65,46,73,57,78,83,54,63,49,69,66,51,57,73,63,69,75,81,72,78,71,59,75,64,44,50,63,79,66,50,73,70,77,79,82,72,66,58,41,72,46,59,67,82,70,65,68,37,78,65,57,69,80,58,74,64,64,69,70,75,78,47,66,55,31,67
74,58,65,60,81,54,81,58,71,61,78,56,33,71,58,74,73,82,75,65,69,65,76,76,64,52,53,51,72,44,52,77,78,75,56,76,78,76,69,49,80,67,61,58,68,79,59,69,70,76,68,77,75,72,60,63,51,83,48,53,70,74,76,68,74,50,81,77,43,79,65,69,77,73,72,86,78,75,67,72,75,60,30,71
69,59,69,69,70,57,78,62,74,65,59,70,43,55,66,73,75,81,81,51,65,57,75,82,61,61,52,46,76,48,55,51,75,68,56,72,67,79,54,45,79,85,65,71,58,82,57,71,68,63,57,81,56,77,83,66,75,72,60,55,75,84,72,69,68,59,82,78,45,77,67,55,77,78,64,76,68,74,65,77,91,65,25,75
79,64,68,69,60,52,75,69,79,79,68,71,60,59,61,70,74,78,69,52,72,66,76,69,57,57,52,55,54,47,46,62,81,70,49,70,63,76,68,55,43,46,65,84,63,74,72,80,55,76,48,64,49,75,54,71,59,54,67,65,69,80,60,66,53,66,69,82,56,46,61,59,76,65,66,76,66,82,70,71,62,78,26,77
63,48,65,66,72,71,68,63,78,83,64,72,58,66,55,64,74,85,60,44,92,58,80,76,59,56,53,55,54,45,45,71,81,79,43,70,67,80,77,50,30,40,71,90,67,78,69,83,53,68,50,54,72,75,48,72,63,70,68,60,70,84,52,67,66,72,62,69,66,71,63,63,78,57,72,81,55,75,77,62,63,80,32,72
49,57,72,48,72,52,44,67,70,77,57,73,78,74,57,69,72,75,54,46,64,56,75,69,47,65,58,64,69,49,52,79,81,68,47,78,60,75,78,45,40,58,75,73,64,75,68,91,56,57,47,51,81,74,45,72,64,76,71,67,79,83,60,72,69,73,57,39,66,63,82,64,80,57,83,82,66,79,86,75,59,72,33,60
72,58,68,40,72,45,47,64,55,80,73,63,73,78,78,76,68,81,51,45,45,60,51,72,68,62,66,69,63,52,46,56,79,68,61,74,58,83,67,50,40,88,80,69,75,54,72,93,47,58,53,62,61,71,56,72,77,84,71,64,69,63,72,79,68,76,65,37,76,70,64,59,76,59,70,82,70,81,81,80,45,51,43,66
78,54,50,57,74,50,70,65,43,60,64,75,69,69,68,69,40,67,51,57,45,56,48,68,75,59,72,69,59,65,46,53,80,76,53,80,70,75,70,62,62,83,81,70,71,49,67,97,45,68,75,62,58,72,67,80,80,91,76,67,71,66,76,77,52,76,71,43,71,75,73,67,81,70,63,83,75,76,70,73,65,52,62,73
45,56,47,59,71,66,70,70,56,45,73,73,67,66,48,75,44,72,62,52,47,53,49,75,53,44,68,65,55,54,59,63,69,80,50,71,78,63,73,50,66,83,78,82,54,63,72,56,50,77,61,61,51,69,79,73,78,99,62,57,63,73,76,78,54,71,80,54,83,74,63,76,83,76,79,72,78,71,82,71,56,56,76,85
54,63,49,62,73,69,59,74,71,45,69,62,71,65,54,77,50,75,62,55,61,63,73,79,47,54,60,36,62,33,59,59,58,78,49,62,69,60,74,67,73,87,68,86,62,73,74,64,61,76,62,61,71,75,68,80,69,95,60,64,62,76,55,66,69,66,75,69,83,70,64,53,67,88,60,77,56,72,87,44,59,65,76,88
68,65,46,73,78,70,64,74,58,53,70,67,65,59,46,70,60,74,58,55,68,52,78,75,49,58,70,39,69,38,68,54,68,79,52,73,50,73,76,66,71,75,79,78,70,77,73,74,62,66,54,73,67,73,73,58,79,95,59,81,72,80,69,73,78,71,75,69,70,76,71,40,78,92,72,86,37,61,90,65,75,69,79,48
70,63,48,52,67,72,64,71,48,74,77,80,76,63,48,77,64,86,63,70,62,36,62,66,69,47,43,52,56,58,69,61,68,85,62,54,61,73,86,73,63,79,77,70,76,70,58,76,52,65,60,78,67,61,71,64,64,77,53,77,75,81,78,78,40,63,65,61,76,81,83,54,85,65,76,76,37,65,80,74,65,70,86,36
64,53,45,57,55,80,77,72,40,75,63,80,79,57,57,87,64,71,73,67,71,43,72,80,69,62,62,58,53,69,72,62,66,85,72,54,79,69,84,70,61,67,63,54,61,75,69,85,54,69,75,75,61,53,75,78,57,83,48,77,76,82,75,71,30,49,58,60,71,92,87,64,68,62,65,71,63,69,63,68,68,68,66,39
60,64,53,54,61,78,69,72,43,71,54,80,68,58,75,93,75,74,67,76,55,53,74,71,72,49,66,51,67,74,70,62,77,67,68,63,73,76,67,67,61,64,75,41,50,72,68,89,60,69,84,75,58,63,58,47,71,78,57,70,73,73,70,45,36,62,51,68,87,66,87,57,77,66,68,52,52,64,72,70,69,56,60,41
70,85,60,50,61,76,45,62,39,77,61,79,78,73,81,80,77,74,64,69,69,53,67,49,75,63,73,58,64,74,82,62,72,75,64,72,72,76,61,65,64,75,75,59,64,56,59,72,64,81,72,74,59,74,53,63,71,80,59,71,87,74,75,51,56,66,69,76,83,67,91,66,85,70,64,59,36,73,82,80,79,65,79,62
62,88,70,55,77,69,50,68,69,83,50,78,79,83,78,61,77,70,71,64,66,55,61,42,66,61,73,68,71,62,63,73,69,79,67,81,79,78,67,86,73,79,75,64,75,54,57,61,66,85,49,63,62,79,52,63,63,61,73,62,78,75,56,57,52,66,67,83,80,77,63,66,74,78,63,80,36,78,80,83,51,75,74,68
60,90,70,59,67,52,68,77,52,68,49,63,83,83,86,70,83,73,72,54,68,43,69,46,70,58,67,70,75,48,63,74,81,78,77,80,87,81,70,55,74,81,59,70,82,56,79,70,67,81,54,45,82,81,62,62,45,43,83,63,84,78,47,58,52,65,68,87,70,81,63,61,74,76,70,82,43,77,73,72,54,76,58,74
59,83,67,62,56,65,80,77,49,80,60,52,82,56,80,61,82,78,76,60,81,36,73,61,82,64,46,76,79,58,51,70,64,82,77,83,74,82,72,72,72,46,58,74,79,67,74,79,65,80,63,63,82,75,72,74,39,47,62,64,87,80,56,57,51,76,57,87,73,82,69,61,78,72,63,73,45,81,66,75,54,77,67,76
64,72,83,62,40,66,69,75,69,58,66,46,68,68,79,52,83,86,57,60,68,44,74,70,78,78,47,73,86,68,47,80,52,64,69,83,64,84,66,50,71,41,67,78,72,79,78,75,66,74,71,70,68,68,71,69,44,67,75,62,66,82,54,46,59,66,59,78,63,76,77,68,79,83,77,47,60,78,71,72,45,79,73,80
81,73,63,66,54,72,77,76,70,66,72,57,75,70,64,46,81,77,78,69,69,43,72,66,86,77,53,58,79,56,56,67,66,74,71,81,50,80,62,45,59,64,76,66,72,76,73,73,70,58,69,71,91,75,70,80,51,72,69,76,70,71,68,59,64,76,59,76,63,72,84,71,74,66,89,50,70,83,59,81,38,75,77,79
80,67,60,67,81,68,79,78,78,51,76,58,83,55,66,41,79,83,64,61,58,40,81,61,60,61,62,59,83,51,52,74,79,76,70,81,57,85,58,63,67,85,66,55,75,79,63,78,73,62,40,73,91,69,66,89,78,71,70,81,79,68,72,66,58,75,66,80,72,72,86,64,66,73,68,53,47,76,75,85,48,69,80,82
65,70,65,78,55,73,73,70,47,45,83,71,87,57,72,60,58,82,58,74,67,42,84,60,69,71,66,58,56,49,66,67,67,69,78,81,79,62,62,63,75,62,61,53,80,52,67,73,74,76,50,69,96,78,75,84,76,80,66,57,77,71,68,75,70,77,60,82,73,79,86,66,68,76,66,65,57,79,84,74,59,76,69,82
59,78,47,67,50,68,64,76,42,58,74,76,87,71,68,66,53,85,53,80,67,45,83,68,71,77,62,61,67,63,69,52,60,68,80,82,81,51,70,63,81,79,67,63,72,58,78,76,72,74,59,70,68,85,75,84,68,79,64,70,62,81,71,74,82,76,80,79,77,61,81,62,78,75,74,67,60,77,77,69,75,71,71,73
73,68,58,63,63,60,66,64,56,70,67,59,88,71,62,76,69,72,62,72,78,48,68,75,69,75,71,66,52,69,56,66,69,84,78,82,65,53,71,48,80,77,57,70,70,71,77,79,73,75,63,74,70,79,83,75,57,49,68,56,83,81,61,73,66,79,70,87,78,61,84,66,86,73,67,59,54,76,76,71,84,64,74,55
82,70,77,75,70,63,73,70,57,57,70,65,81,74,58,80,79,64,71,69,76,66,66,74,72,75,74,68,76,67,48,73,81,70,68,82,75,63,68,64,82,78,59,75,64,76,79,79,73,68,72,81,71,76,84,49,61,47,79,56,72,79,65,70,72,74,73,79,82,66,84,80,72,76,73,58,55,83,80,73,87,76,77,62
85,78,66,80,72,58,72,74,66,55,67,72,78,68,68,92,89,73,78,72,72,69,71,81,69,68,85,67,87,81,44,62,66,67,78,82,64,64,75,76,59,78,64,78,74,72,78,84,57,74,79,81,71,79,74,63,67,51,68,53,78,86,66,58,75,78,81,91,85,70,84,80,73,46,67,71,63,71,83,90,78,67,83,74
84,73,64,82,51,52,76,72,68,61,73,79,69,71,77,90,92,83,81,54,69,74,70,71,83,70,72,74,92,77,42,48,85,74,81,85,71,71,72,80,61,91,60,84,58,67,84,76,54,86,83,74,77,59,61,66,73,62,65,62,78,84,69,63,69,76,75,89,70,61,71,75,80,52,69,83,59,64,66,70,65,81,82,63
77,85,66,83,74,67,75,66,80,30,70,70,50,74,79,80,89,72,71,46,70,52,82,65,85,70,67,73,90,57,70,45,86,77,83,76,78,71,75,67,70,75,53,86,66,64,74,80,59,84,85,79,81,49,45,59,76,67,72,46,76,63,78,78,72,73,82,89,77,71,45,72,83,74,80,70,73,71,62,68,78,85,81,58
78,84,54,90,62,77,78,71,63,45,80,51,60,77,76,62,83,55,71,53,76,54,76,60,74,74,64,74,92,53,64,58,92,77,75,74,55,79,82,80,79,88,65,84,67,85,81,75,65,72,89,75,74,74,51,67,75,76,84,58,54,69,69,85,85,64,85,77,71,78,42,75,76,80,77,68,78,74,70,71,83,87,77,68
80,55,55,82,75,80,77,83,67,61,65,58,64,68,79,56,84,53,72,56,91,55,82,50,61,76,76,74,92,61,56,69,91,80,80,64,62,52,79,79,69,72,69,82,74,82,57,70,70,64,90,72,56,74,58,74,71,82,68,63,64,72,63,85,80,63,65,73,63,81,50,81,72,80,79,75,78,85,73,72,76,84,78,82
64,65,74,74,84,77,83,76,50,72,68,83,76,74,71,60,80,53,67,63,64,56,78,55,65,73,77,78,72,68,52,72,77,81,68,72,67,56,86,78,57,67,75,80,68,73,54,79,72,58,70,70,50,81,61,66,68,83,53,67,67,65,70,79,74,73,55,73,80,96,63,71,76,79,83,74,69,92,75,75,60,84,87,78
69,71,74,82,67,71,83,82,62,80,71,73,81,64,71,58,70,73,71,68,62,73,78,65,83,73,80,77,74,72,49,65,83,82,67,69,69,71,78,66,57,80,70,76,60,76,58,82,74,66,73,73,61,81,80,75,71,78,53,74,75,76,63,63,78,78,55,79,71,84,85,57,79,82,86,64,77,92,79,89,63,69,83,84
64,74,60,78,76,65,73,72,68,78,76,77,86,68,80,60,78,64,79,69,68,60,74,66,81,74,78,76,78,77,55,61,81,84,74,80,65,63,81,75,73,75,74,86,58,79,65,78,73,57,84,79,78,74,66,78,76,82,73,75,74,84,52,67,70,75,65,67,75,75,85,72,85,80,84,68,77,81,83,85,68,75,77,72
74,82,40,74,81,70,82,68,52,80,63,83,61,69,82,79,81,77,82,42,68,53,70,69,85,77,51,73,75,71,77,58,86,89,76,82,78,69,80,78,76,73,69,86,64,80,69,80,78,60,78,77,67,75,71,86,81,80,78,80,71,51,48,78,71,83,76,68,78,78,83,69,88,79,90,83,81,79,84,84,71,81,73,75
77,77,46,78,70,72,75,68,56,78,69,66,59,75,83,78,63,80,69,59,72,70,56,70,76,69,43,75,73,72,84,64,65,82,80,90,80,78,80,80,70,66,66,87,66,83,67,65,77,54,76,67,77,84,75,82,82,67,67,68,68,72,58,74,77,76,78,75,79,76,83,75,86,75,85,72,83,79,85,82,72,83,71,80
77,71,62,74,64,63,70,70,68,79,68,76,69,86,81,75,84,71,75,66,84,75,65,81,75,80,48,81,80,71,71,48,71,82,71,83,80,81,75,78,74,69,71,81,54,67,75,64,80,69,85,68,72,71,65,83,85,67,80,64,71,71,68,63,65,81,78,77,75,70,82,62,80,79,73,76,71,62,85,75,78,85,73,80
79,64,64,68,63,66,76,68,75,81,80,71,82,84,82,83,70,68,77,71,63,81,80,73,71,62,62,80,80,67,73,51,82,73,71,57,78,91,72,85,71,88,79,76,55,74,62,70,77,77,52,77,80,69,71,77,83,64,86,66,73,78,76,73,73,78,79,68,80,76,79,61,85,70,80,80,61,64,85,78,80,72,76,80
81,77,69,74,66,65,75,67,73,81,73,77,84,91,81,75,59,74,82,73,70,80,75,74,68,61,73,76,73,50,72,66,96,84,69,70,83,72,67,80,76,73,67,70,52,77,72,73,78,79,64,80,75,64,69,81,87,74,82,73,76,71,78,58,64,74,75,56,73,79,83,73,84,71,85,77,78,68,83,81,81,55,73,66
80,80,75,75,65,65,78,77,85,72,79,85,89,57,81,78,73,63,69,78,77,81,78,79,72,65,75,62,76,64,76,75,74,82,68,80,82,73,68,74,66,77,66,59,55,78,75,74,73,75,72,79,76,73,71,77,92,80,82,80,77,81,77,72,77,74,75,57,76,80,79,77,90,83,80,61,80,78,85,81,75,67,82,71
77,75,74,74,63,70,78,74,74,86,82,84,66,50,79,82,85,71,55,53,82,80,79,80,78,79,53,63,75,65,66,79,57,80,74,39,75,72,59,65,70,86,71,73,55,81,81,75,69,77,77,67,80,65,76,78,74,69,80,80,70,76,66,80,77,73,81,63,82,66,77,65,86,80,61,66,83,82,83,84,83,84,72,77
81,66,62,83,64,77,76,70,72,85,75,87,70,66,82,79,87,80,63,54,81,80,71,72,79,79,44,63,80,72,61,78,67,88,72,46,81,80,66,62,76,73,67,72,69,74,81,77,62,86,75,47,81,72,84,75,80,82,68,78,66,87,62,68,74,71,82,72,76,69,72,69,87,81,61,69,84,70,84,77,82,92,75,86
90,50,62,71,68,79,84,68,78,75,72,88,56,73,73,79,41,83,67,65,78,64,84,78,76,80,58,72,81,75,67,61,74,78,71,65,73,81,69,71,80,60,78,59,73,78,75,78,65,83,77,47,79,80,73,81,80,68,70,80,70,85,58,65,77,79,61,76,70,79,77,73,86,82,66,66,70,73,86,88,79,91,84,91
92,56,60,64,76,81,83,70,82,82,75,75,67,71,83,82,45,85,78,71,72,56,85,82,82,63,62,66,87,76,74,68,79,83,70,77,87,83,73,76,73,63,76,49,68,84,80,80,79,75,77,65,80,78,78,72,70,48,69,84,67,87,51,72,82,80,62,68,81,85,82,82,73,82,71,82,82,74,86,82,79,88,87,88
84,72,65,70,81,71,81,80,68,70,76,81,80,58,81,86,61,91,61,68,66,74,86,81,85,74,70,73,96,75,79,65,98,89,76,88,73,72,81,78,73,63,77,60,65,96,80,82,77,79,80,78,81,70,80,64,61,46,86,82,76,84,50,83,66,80,77,66,82,85,68,72,64,81,76,89,84,74,86,72,80,89,76,87
56,80,63,75,79,70,78,87,71,68,81,73,63,69,82,90,67,74,69,75,73,74,76,81,82,76,80,67,89,74,81,65,76,92,79,89,44,73,83,74,72,81,81,68,72,70,75,79,51,80,83,71,68,66,83,72,57,70,80,82,64,83,64,78,59,78,77,79,77,73,76,76,71,73,80,77,84,75,84,86,80,81,78,80
67,78,72,76,79,56,75,96,68,77,78,73,73,74,78,72,76,81,67,69,80,87,53,66,88,76,55,80,85,77,77,73,77,64,75,92,59,89,77,78,71,73,87,84,71,71,73,81,53,72,88,69,66,81,83,68,66,71,72,83,67,91,59,83,70,77,85,84,72,76,84,80,69,81,86,79,80,69,82,74,71,81,80,80
88,86,84,67,78,69,63,90,70,90,69,74,75,76,84,65,79,85,66,71,84,82,63,66,84,74,63,87,82,82,77,78,82,65,79,90,70,70,67,80,68,77,80,87,80,71,70,82,73,61,70,70,69,72,77,72,62,87,65,74,67,74,75,71,76,84,85,82,79,82,74,83,82,84,80,85,82,77,86,83,59,70,73,79
91,86,79,74,80,73,70,85,85,86,61,84,82,88,81,68,73,82,83,68,74,84,69,66,83,75,69,86,82,81,80,78,76,68,74,89,78,72,67,83,74,79,88,75,78,75,78,82,77,73,78,78,75,70,74,75,73,72,66,78,70,74,76,81,79,87,69,88,84,78,77,79,93,88,87,86,83,86,76,82,64,75,72,82
98,84,83,80,83,77,86,81,84,70,65,81,71,83,73,83,84,82,80,73,84,79,77,66,85,72,75,80,84,66,79,67,71,77,78,86,68,80,83,80,58,80,75,90,70,72,80,81,60,83,85,76,74,65,70,76,74,73,68,77,79,70,76,86,80,85,74,90,85,79,73,81,86,87,76,82,84,66,77,84,74,78,73,88
89,80,80,82,83,71,76,83,77,73,59,87,73,80,74,75,85,88,76,85,81,73,81,69,77,76,82,88,85,76,80,72,74,84,67,86,64,77,88,85,58,72,83,78,76,83,83,75,63,84,90,77,80,52,66,74,70,74,68,81,81,60,79,63,82,73,75,85,84,78,81,84,87,86,57,82,86,74,90,82,70,70,66,87
90,84,76,80,82,65,67,83,77,76,51,71,80,77,75,86,87,84,81,89,81,68,82,69,69,87,82,70,83,81,79,73,65,85,65,69,68,77,72,85,65,77,79,73,80,79,79,84,67,87,79,81,82,66,64,78,66,77,80,73,72,68,78,64,85,81,77,86,74,81,87,82,75,86,62,74,69,79,89,71,92,74,75,80
87,87,81,75,83,76,56,82,78,82,68,68,82,70,72,88,86,86,70,77,84,81,73,71,55,74,83,69,89,67,83,69,69,75,65,71,71,74,73,79,78,74,76,92,68,74,76,85,55,84,77,82,70,75,63,83,71,82,78,76,83,72,81,68,84,75,80,87,73,71,71,84,78,85,73,65,69,83,75,78,83,53,83,96
58,70,74,81,82,78,64,87,86,86,82,68,72,77,75,87,82,85,76,77,85,83,63,61,68,81,76,79,90,66,77,80,67,80,55,77,71,63,79,83,79,80,77,67,65,74,82,76,63,83,86,71,72,68,72,66,74,59,72,71,83,79,81,64,90,75,77,88,69,77,65,81,88,92,82,61,85,82,79,84,73,67,87,81
61,66,80,70,80,77,69,88,77,92,87,73,72,82,87,89,66,90,83,72,81,89,68,74,77,84,79,81,88,77,82,78,74,87,66,91,71,73,80,82,70,84,80,69,64,74,74,86,70,76,89,67,79,77,72,72,80,62,76,86,83,84,79,74,83,70,82,93,50,87,77,77,84,84,84,72,87,82,81,64,70,80,89,78
80,70,81,63,82,73,77,87,80,92,81,81,76,84,89,78,70,73,71,76,71,89,75,82,84,73,81,77,89,82,78,70,81,97,57,76,78,75,78,77,80,92,76,90,59,74,62,93,74,83,91,61,85,83,72,80,84,71,66,83,88,87,84,87,67,87,80,76,52,88,89,72,93,85,77,77,79,85,82,66,89,89,92,79
87,74,80,67,84,73,81,88,84,92,77,83,76,82,91,76,59,75,67,78,52,85,70,80,98,60,81,83,89,82,83,69,79,85,60,76,81,73,78,82,70,77,85,61,71,82,74,69,79,74,63,73,82,80,80,81,84,84,72,78,87,68,83,77,73,79,84,82,60,90,95,75,94,83,86,84,87,80,81,65,90,95,92,88
87,77,79,71,82,82,76,86,81,89,69,83,83,69,80,82,75,71,76,72,58,76,74,83,94,71,83,81,90,71,85,70,81,76,61,75,74,76,81,72,73,78,82,55,83,90,63,56,88,61,57,81,79,77,85,85,81,91,71,78,87,75,83,77,76,84,82,83,76,77,74,80,93,83,74,87,74,77,80,78,93,93,82,88
77,80,82,76,87,85,77,78,80,86,62,77,64,58,84,86,84,70,69,71,54,79,84,74,87,77,82,81,83,76,77,82,85,85,66,78,72,71,80,67,81,82,79,70,81,89,70,74,89,60,62,74,79,79,85,80,70,85,70,79,85,76,80,83,79,82,78,84,80,86,64,69,84,84,68,85,70,79,72,82,84,75,90,84
76,74,78,76,80,77,81,76,74,92,76,81,67,60,70,85,85,78,68,61,62,76,75,74,81,82,84,89,83,75,76,90,86,88,73,84,71,80,80,65,83,83,86,86,82,87,78,89,82,70,56,76,85,83,83,72,83,83,58,79,82,80,78,84,82,54,82,85,81,81,83,79,86,85,81,85,82,89,78,86,79,76,90,92
78,54,77,77,85,76,80,78,56,90,86,67,76,80,71,86,76,87,46,68,62,77,80,82,82,86,82,72,77,70,71,74,83,92,76,89,60,81,76,77,77,72,87,98,80,82,77,87,76,76,56,75,86,84,79,84,82,85,58,84,81,69,80,83,82,65,86,87,84,75,76,80,87,86,78,78,87,73,82,88,68,87,84,95
81,70,72,78,69,73,80,82,54,73,82,64,87,70,70,76,86,88,58,69,62,76,94,82,85,79,84,68,86,82,76,76,80,93,69,70,70,78,74,79,83,51,82,85,67,90,81,78,77,81,65,80,84,83,78,84,81,90,67,83,88,76,85,81,84,67,79,89,63,76,82,77,88,83,87,73,77,72,84,72,75,65,84,83
83,80,78,80,72,85,80,77,74,74,63,68,82,72,76,87,88,87,64,81,59,77,67,83,78,82,82,78,90,80,82,71,79,90,70,63,82,79,68,82,84,73,78,83,67,81,90,78,88,84,76,79,82,81,72,83,82,88,69,82,69,72,90,85,81,75,76,90,74,75,83,75,84,80,88,65,83,77,84,78,82,66,73,83
81,88,74,80,76,88,80,73,60,84,74,62,70,77,75,74,84,81,73,78,70,84,72,77,85,84,77,81,86,80,82,75,71,89,69,78,79,79,67,83,83,85,80,83,73,76,87,80,90,82,82,80,84,81,74,79,79,75,76,81,67,82,84,87,91,78,79,95,73,80,76,73,82,77,85,73,81,79,84,84,84,70,69,83
71,80,86,82,77,79,82,72,66,87,75,73,76,78,80,82,89,89,82,78,76,84,79,84,86,72,81,74,80,81,77,81,79,89,72,80,83,78,74,82,70,90,84,79,77,79,84,79,93,73,84,81,80,82,78,80,82,79,78,71,74,87,73,87,83,78,77,99,67,77,66,77,88,76,85,67,75,75,80,87,84,79,66,88
70,84,75,77,75,85,83,77,78,85,81,80,85,70,74,82,88,75,86,77,82,74,83,79,87,82,89,83,83,79,76,80,86,89,79,79,90,78,79,86,82,82,80,73,85,86,83,74,89,85,85,74,85,70,83,83,81,84,66,75,78,86,69,87,81,82,74,98,77,84,82,70,95,84,75,78,77,78,82,83,76,74,70,79
83,63,76,80,75,70,76,78,80,86,70,65,98,77,66,83,85,73,82,81,83,75,84,85,85,84,82,85,88,81,81,77,82,89,86,80,77,70,82,77,80,77,86,89,81,89,76,87,89,83,83,81,85,79,86,81,85,95,75,79,85,80,75,85,75,80,79,91,79,77,80,63,93,83,69,78,89,75,85,78,77,63,77,71
92,78,71,82,76,78,69,77,76,85,61,70,87,70,70,84,87,70,83,78,83,81,81,83,86,86,86,83,90,81,77,86,73,89,83,76,78,74,74,75,82,79,90,70,68,97,83,80,88,75,83,86,76,76,75,77,83,97,83,78,85,87,78,87,79,81,81,78,80,86,84,77,90,86,73,75,73,81,88,72,84,94,85,86
76,84,61,67,76,89,70,78,83,86,65,74,89,80,78,86,90,75,78,82,64,85,85,82,87,85,85,71,88,81,82,86,85,89,75,84,71,80,75,81,69,83,84,60,75,94,78,87,74,87,85,87,78,77,73,87,86,81,89,74,79,86,84,84,83,79,80,84,79,80,93,82,92,77,78,84,81,81,89,73,85,87,68,80
83,88,63,78,84,82,73,73,85,86,81,81,74,78,83,81,90,67,85,90,67,87,85,77,93,81,85,69,86,78,83,86,85,81,74,77,85,78,78,72,77,83,78,56,83,90,84,83,78,84,86,87,86,80,77,85,82,90,77,81,87,82,82,86,67,80,88,88,72,86,94,73,94,81,85,87,81,83,73,79,80,87,67,91
86,91,62,69,87,88,81,78,82,83,80,76,82,71,82,84,93,81,73,93,77,85,86,68,82,84,85,79,85,77,83,84,84,84,76,81,84,83,80,80,78,81,73,66,79,81,87,86,85,89,85,85,80,83,83,86,66,76,80,83,89,83,73,87,80,85,73,88,77,92,85,88,94,91,79,87,85,84,77,87,80,81,72,89
85,76,66,77,87,80,76,68,84,86,77,84,86,76,86,86,91,73,74,76,81,85,85,79,81,87,84,73,82,70,82,81,84,86,79,81,88,80,82,89,84,83,75,58,79,85,81,86,86,91,84,85,78,83,83,85,69,80,75,85,83,98,74,90,96,81,70,84,76,90,81,82,92,82,65,88,85,83,82,87,70,90,84,91
90,64,76,84,88,81,86,76,58,84,71,74,80,76,80,85,92,81,84,66,81,79,92,81,91,87,84,80,90,75,81,85,81,86,81,81,88,86,77,80,86,86,79,85,80,90,83,84,84,90,86,81,88,86,90,84,76,86,66,79,79,88,78,83,88,73,72,80,82,88,87,84,92,88,70,88,93,79,90,89,88,98,89,75
85,71,65,84,89,72,71,82,59,82,80,77,85,70,83,84,91,82,82,76,82,76,80,83,86,81,74,83,84,77,75,85,87,83,74,80,87,83,79,77,75,82,83,80,75,82,83,87,86,86,86,72,87,74,82,92,80,95,59,75,79,87,80,87,89,70,79,75,82,85,81,88,96,92,79,86,86,88,91,78,83,81,87,77
84,85,63,76,85,89,73,83,68,89,83,85,85,77,80,82,80,86,71,83,79,83,93,78,83,81,69,90,75,84,79,81,95,76,69,82,85,80,82,81,80,73,85,78,84,96,83,83,89,97,86,90,84,78,79,88,74,89,57,73,88,90,80,89,89,80,88,77,80,83,74,78,87,94,85,96,85,86,86,80,86,87,80,78
85,71,72,82,84,79,83,77,77,91,78,80,83,81,75,83,94,85,76,80,88,82,88,90,84,88,71,82,84,86,72,83,85,76,76,85,73,80,82,83,78,78,83,84,85,88,82,89,91,81,85,84,84,82,79,78,82,89,77,73,87,90,80,93,86,83,89,87,85,70,84,81,83,90,87,93,65,90,95,86,86,90,85,88
79,79,78,82,86,82,79,82,78,90,81,79,86,81,84,87,90,91,75,74,87,84,81,88,89,83,77,83,85,78,75,85,87,71,76,83,84,81,81,78,69,81,89,83,79,87,83,84,89,85,87,93,81,83,73,85,88,92,86,78,88,87,82,93,82,72,94,82,84,78,82,85,90,91,86,84,77,87,92,84,85,93,75,86
81,85,84,80,87,78,78,82,86,90,83,71,85,80,90,85,89,89,77,61,87,76,89,85,80,77,80,83,90,78,71,77,78,83,75,77,82,64,74,86,75,87,92,73,80,93,85,86,86,74,82,88,85,83,79,73,86,73,84,87,82,85,82,92,87,81,72,88,73,81,87,88,93,88,84,75,83,84,78,80,83,85,75,91
85,90,82,80,91,81,82,84,90,86,91,69,82,85,85,88,92,88,78,77,84,68,88,73,67,79,78,68,86,80,76,69,84,89,77,77,78,73,81,81,75,78,86,81,85,78,84,80,83,71,83,84,86,80,83,60,81,79,81,92,75,87,85,95,88,84,74,90,83,85,88,83,95,85,89,77,84,86,91,81,83,89,76,87
83,79,74,81,90,81,87,84,85,94,87,84,87,79,89,76,91,84,80,74,78,69,71,79,80,87,80,64,76,84,81,66,90,88,73,88,79,73,83,76,76,77,73,81,90,85,82,73,87,79,85,82,79,85,75,69,72,84,93,88,74,75,88,86,90,75,77,88,81,86,86,87,55,89,75,83,83,78,92,90,79,90,89,85
78,89,76,82,92,78,68,80,91,94,84,87,85,84,78,67,89,73,76,74,85,72,85,80,87,95,83,74,71,87,79,78,89,80,74,90,82,81,81,69,80,82,77,85,80,88,82,80,82,71,81,83,83,85,85,71,83,77,77,84,85,78,86,84,81,75,75,90,83,88,85,91,75,88,71,94,84,70,95,88,82,93,94,93
80,91,85,81,89,72,73,82,95,92,84,89,90,86,70,73,83,83,67,82,87,76,88,83,89,90,81,66,75,83,77,80,87,82,77,84,85,82,85,76,66,80,79,85,84,95,82,75,82,83,89,74,82,86,80,78,89,88,79,86,94,84,83,88,92,84,77,88,84,78,82,92,83,93,85,91,84,78,79,75,83,95,84,92
81,89,75,87,89,64,79,79,94,88,84,76,90,89,75,79,88,86,70,81,84,84,83,85,83,87,82,71,86,82,80,84,90,85,74,77,79,78,79,89,75,82,81,79,84,100,83,83,85,84,84,76,75,83,72,82,86,88,79,86,91,87,84,92,89,82,81,86,82,83,88,95,86,93,79,92,83,87,86,86,86,97,82,88
84,89,88,81,84,73,86,81,91,90,85,89,91,89,84,82,93,88,73,83,87,84,89,87,82,81,82,72,89,82,79,82,82,74,78,77,85,75,85,78,82,84,84,77,86,100,84,88,83,86,87,82,76,87,85,83,88,88,77,94,84,87,88,92,82,82,83,83,86,73,92,92,90,96,76,87,87,89,91,90,76,86,89,95
86,87,88,63,88,80,96,80,87,79,84,88,68,87,90,86,95,87,67,85,85,76,92,87,86,76,86,80,91,79,83,82,89,78,82,78,88,84,84,89,85,88,86,75,93,99,87,80,81,85,85,80,81,79,83,85,83,81,78,102,85,90,85,91,90,83,81,81,86,85,91,96,94,93,87,88,83,86,88,91,87,87,87,97
90,83,87,74,90,82,84,81,88,82,85,86,79,87,91,87,91,91,81,86,86,77,84,86,86,82,82,82,99,76,78,85,83,77,86,86,78,70,82,91,85,86,83,82,82,97,90,84,80,79,90,83,73,75,82,85,80,85,83,89,90,90,83,92,94,82,69,84,86,90,97,76,98,92,86,84,79,85,84,88,78,84,91,98
90,86,88,81,88,80,86,84,80,84,90,87,89,90,89,85,91,93,77,87,85,84,80,87,90,90,83,88,94,83,74,86,83,78,89,87,83,73,83,90,81,74,89,82,71,82,85,80,83,96,90,96,84,78,81,87,89,85,70,97,87,91,84,93,91,81,86,93,84,91,93,77,99,70,78,86,85,73,76,88,87,86,90,97
94,78,87,83,80,80,81,85,75,87,79,84,87,94,85,87,81,92,85,88,78,86,85,87,93,85,81,82,96,83,81,86,91,82,85,75,83,66,83,90,85,78,78,79,83,86,88,78,85,93,77,80,84,73,80,86,89,88,75,90,77,86,85,93,89,84,86,90,83,97,93,87,95,83,88,91,87,87,83,90,68,79,80,94
95,83,82,75,90,83,89,76,82,86,82,74,82,77,86,80,85,91,83,91,83,84,87,86,92,90,76,80,99,77,83,86,73,70,88,83,79,80,71,88,77,78,81,82,84,88,88,89,81,90,75,84,87,82,87,84,74,88,77,90,84,90,87,92,85,87,83,83,85,95,93,91,92,73,83,93,79,91,88,90,66,82,76,94
91,86,82,84,91,78,88,64,85,76,85,80,83,80,85,71,88,93,87,88,86,79,88,87,91,86,82,82,98,68,73,87,76,71,77,88,81,85,84,94,75,80,86,81,81,92,84,87,85,77,80,98,88,88,81,88,85,86,76,87,76,91,83,92,73,78,83,85,89,81,94,91,78,83,83,82,69,87,88,91,80,86,75,94
75,88,85,90,89,81,93,72,89,75,84,78,78,85,65,73,91,93,83,83,90,74,90,87,90,91,81,77,94,78,84,87,76,76,76,87,83,82,84,84,80,81,90,75,84,93,84,87,86,80,84,93,85,94,90,78,91,85,77,85,84,93,85,81,91,85,85,91,91,78,96,89,90,82,87,67,70,84,89,91,84,74,75,92
83,85,86,85,87,84,94,86,89,81,85,74,86,89,57,83,93,93,87,84,84,81,93,87,90,86,78,83,90,85,87,81,83,83,71,86,82,76,84,90,82,80,83,86,80,93,82,78,90,83,84,91,83,91,87,84,91,91,84,87,89,82,86,81,96,83,85,80,90,89,92,77,82,84,87,76,87,87,93,91,82,89,85,97
86,90,88,76,87,85,76,85,82,88,87,87,75,90,76,84,88,91,87,84,79,86,91,87,90,88,85,88,77,85,76,68,89,81,78,92,82,75,82,93,83,72,73,86,70,92,83,80,88,85,85,91,87,88,91,88,90,91,83,90,90,82,86,87,95,76,85,80,89,90,94,84,81,86,87,84,77,81,92,90,86,93,80,97
86,93,86,82,91,84,72,81,76,90,85,90,81,88,80,85,90,82,86,85,86,90,88,86,90,86,75,88,84,89,74,76,91,83,82,89,83,81,81,91,83,79,87,84,77,87,88,78,74,87,84,92,84,76,87,80,89,92,80,85,89,87,91,94,99,79,75,85,83,81,81,87,87,74,94,86,87,72,86,97,87,92,82,99
89,92,89,83,90,84,78,92,88,91,82,90,82,85,86,89,89,85,86,86,88,90,89,87,92,86,77,91,87,86,79,82,92,72,87,89,84,85,80,91,79,82,90,80,72,83,82,82,87,84,89,89,80,82,87,87,87,94,82,91,88,92,90,93,94,85,85,89,80,80,77,92,89,86,95,86,84,80,90,96,90,84,82,99
95,91,89,89,90,85,86,89,81,91,87,86,84,85,83,88,85,91,73,86,91,82,91,88,87,86,75,85,90,82,81,82,90,82,90,90,87,79,79,91,85,87,95,84,79,87,80,71,88,89,95,82,89,80,91,87,84,95,83,90,78,89,91,81,94,88,86,93,81,83,81,88,88,88,96,85,88,82,94,95,85,92,79,98
96,95,76,80,89,85,89,87,86,93,89,92,85,71,89,89,89,93,83,86,92,83,89,89,84,88,79,86,91,79,86,86,85,85,94,89,82,80,84,92,84,83,80,88,80,77,86,80,85,88,93,89,83,85,84,85,83,95,85,94,84,88,83,79,97,88,87,96,82,93,83,90,80,87,94,86,89,78,95,94,91,95,73,98
95,75,90,80,79,77,86,76,82,87,85,80,89,71,90,89,82,91,88,80,91,89,91,89,80,87,82,86,79,83,88,84,85,86,91,87,88,79,81,85,84,81,80,89,70,84,85,83,89,87,93,90,87,84,84,83,83,94,72,93,86,87,91,82,83,88,92,93,81,98,84,87,90,89,94,89,89,76,84,82,90,97,86,97
99,89,78,80,80,86,85,80,79,88,87,88,90,82,90,86,87,90,90,85,89,78,93,87,85,88,84,91,73,81,88,84,86,86,90,89,87,70,82,82,79,84,79,89,82,88,89,85,89,85,92,93,86,83,85,83,85,96,75,93,87,79,85,85,79,89,97,91,76,101,87,91,89,87,90,89,76,83,78,88,88,95,87,100
98,90,81,86,75,84,79,86,82,91,93,88,89,89,91,87,88,90,89,90,92,84,95,84,82,80,85,94,79,85,88,82,90,87,89,89,87,81,85,86,80,85,86,88,88,93,80,89,89,84,91,91,87,82,82,84,85,96,76,94,88,91,83,89,85,88,96,91,82,97,89,91,93,92,94,87,77,83,77,88,91,93,81,84
94,82,83,81,86,75,86,86,77,91,91,88,85,91,92,81,91,92,87,93,79,89,90,92,76,81,82,93,84,89,90,84,92,84,88,90,76,85,85,88,82,82,90,85,86,93,86,89,89,85,91,88,88,85,71,85,86,97,77,88,89,95,90,90,93,88,93,92,86,95,86,90,94,91,91,84,87,87,86,90,92,95,74,89
94,73,85,82,92,89,88,90,86,91,89,90,81,89,91,79,98,92,90,93,83,86,85,92,88,87,86,89,88,89,88,77,82,83,89,92,75,86,85,90,81,86,87,84,85,92,85,90,88,92,94,92,91,85,82,88,85,97,86,93,88,94,90,82,95,87,93,92,87,100,83,88,95,90,84,86,82,85,87,93,90,93,88,89
91,82,87,86,82,87,91,90,80,85,91,89,83,77,92,80,91,91,90,92,89,88,88,90,92,92,88,85,85,90,88,84,88,90,87,91,84,88,86,87,77,91,90,90,88,92,90,87,89,90,94,91,89,86,82,87,86,94,88,91,87,96,84,93,91,88,94,93,74,98,92,84,100,91,81,87,82,87,94,95,91,95,91,84
90,90,84,90,86,82,90,84,84,88,88,87,89,85,92,84,91,92,81,96,87,84,79,91,95,88,85,85,87,92,88,83,90,90,92,88,88,86,87,90,82,90,92,89,87,93,89,79,89,86,93,93,93,84,84,87,89,96,89,90,86,94,84,93,86,91,84,95,82,99,93,90,92,92,87,75,89,86,92,99,91,80,91,98
95,90,85,90,92,81,95,88,85,85,90,81,92,90,90,90,89,91,73,97,90,90,78,91,92,90,89,78,89,85,89,84,92,90,92,88,87,85,88,90,81,90,90,88,86,95,88,79,87,84,93,95,91,82,83,88,89,95,88,91,88,92,93,93,85,90,90,96,82,96,88,94,100,92,90,73,85,90,97,97,90,86,90,98
95,80,85,92,87,82,93,84,88,80,90,88,92,73,91,94,92,93,83,96,90,91,85,88,92,92,86,89,89,75,90,84,92,90,86,91,82,75,82,89,84,91,91,88,87,96,88,85,85,85,93,89,91,83,83,93,92,90,82,95,85,92,90,88,89,92,89,89,84,99,91,96,100,90,91,84,87,77,94,96,89,91,88,97
90,84,87,93,76,81,92,91,76,84,93,92,95,75,92,92,83,95,87,94,92,91,89,88,95,92,78,85,77,82,92,81,89,89,90,93,79,82,85,89,88,91,78,93,90,90,93,87,75,86,93,91,90,84,86,92,85,94,86,96,87,91,91,85,97,92,85,93,87,95,92,96,97,92,89,89,89,91,88,97,92,90,88,98
90,80,88,92,83,85,91,87,74,91,97,93,94,77,93,92,88,95,89,93,95,90,90,90,88,88,80,89,86,89,92,90,85,89,90,90,74,88,90,90,90,91,85,92,89,80,97,79,86,85,91,93,92,73,86,93,75,97,86,97,89,93,92,96,101,91,84,89,90,94,95,95,96,94,91,94,88,88,88,98,86,89,88,97
89,87,91,91,87,87,91,92,87,91,96,93,93,84,92,92,90,95,79,93,96,88,93,90,91,87,85,89,88,91,92,84,89,85,90,91,83,84,92,90,87,91,86,93,69,80,95,79,83,85,93,98,91,75,92,94,86,95,83,99,89,96,92,89,99,91,88,79,87,96,92,94,98,92,92,93,86,89,85,98,91,89,86,99
85,92,90,91,86,86,86,84,91,94,96,84,92,88,94,93,91,96,86,94,93,90,94,84,91,73,88,86,93,87,90,81,91,84,86,86,83,88,89,84,77,90,89,85,78,86,94,84,85,88,93,95,92,70,86,89,89,89,86,99,91,94,91,92,96,100,89,82,89,99,92,94,97,94,95,88,88,82,89,99,92,85,87,97
87,90,90,92,87,88,97,84,93,90,95,75,92,89,93,97,88,87,79,93,92,93,93,82,92,80,88,84,85,87,86,82,95,86,91,88,84,82,94,90,79,90,91,90,89,88,93,88,78,86,94,97,94,88,92,90,90,90,87,98,88,96,95,92,95,97,90,90,90,100,96,97,99,92,90,91,90,87,92,101,94,84,89,92
88,91,86,92,89,87,94,81,93,88,93,87,76,89,94,87,88,91,74,94,91,96,94,84,93,85,89,86,88,81,71,82,90,88,89,88,86,87,93,83,85,91,86,91,91,90,93,87,76,85,95,98,89,84,92,86,89,92,88,97,90,95,94,94,96,95,87,94,92,101,92,74,99,94,94,90,89,84,92,100,93,90,73,93
79,91,89,95,81,88,91,82,91,90,90,84,74,87,92,88,90,90,81,94,92,98,94,87,95,87,89,89,89,80,74,81,92,89,91,91,90,87,93,87,80,93,86,89,92,91,93,87,79,80,92,90,93,90,92,90,89,94,90,98,90,95,94,95,91,92,92,95,89,100,90,95,98,92,94,91,88,85,91,89,84,93,85,93
91,92,89,88,81,88,95,83,91,93,91,76,83,90,93,91,90,95,81,94,91,98,94,90,93,86,76,90,90,79,83,87,93,87,92,92,91,87,94,90,83,92,88,91,88,88,88,90,84,83,95,96,92,89,92,93,89,89,87,94,91,85,88,95,83,92,93,95,89,99,94,93,101,92,94,91,90,86,90,99,91,94,83,99
92,93,87,81,88,91,95,85,92,98,91,80,87,91,92,95,88,96,87,96,85,98,94,91,95,86,85,91,88,85,85,89,94,89,86,91,91,88,94,93,90,93,93,91,78,91,85,90,86,85,95,95,93,91,92,95,91,93,81,84,91,86,93,93,85,89,92,96,89,95,98,94,103,95,97,92,90,88,92,99,90,94,91,103
92,92,88,87,89,80,96,88,93,96,91,87,89,87,95,95,91,95,87,94,87,94,95,91,95,95,86,92,89,87,86,90,97,91,86,92,90,88,94,87,91,94,95,93,80,90,92,90,87,90,99,94,83,89,89,95,91,92,82,87,92,88,89,96,90,91,93,98,92,97,96,94,100,96,88,92,91,90,95,98,95,96,91,103
94,93,89,85,90,86,94,87,93,97,85,89,91,86,97,96,93,97,91,95,90,94,93,91,97,94,89,91,91,88,89,87,96,93,86,92,87,83,92,89,90,94,95,91,84,91,96,87,81,91,93,94,85,85,87,98,92,89,85,95,91,86,84,97,88,89,93,98,93,100,96,90,99,91,92,90,93,92,93,95,98,96,93,101
96,95,88,91,90,87,95,81,93,99,88,92,93,90,97,96,81,98,92,95,94,92,89,90,96,94,89,92,93,90,90,85,96,87,82,87,90,86,94,86,90,92,94,91,86,92,94,89,79,95,90,94,84,88,91,96,92,87,86,96,90,87,89,96,93,77,92,97,92,100,97,86,99,88,90,86,95,92,90,96,98,99,95,101
98,81,83,88,89,90,90,88,94,101,94,92,93,91,96,95,76,99,92,97,96,94,90,89,98,93,89,93,94,92,91,86,97,81,88,85,81,87,93,90,82,80,95,93,85,91,93,92,83,97,96,94,83,89,82,97,91,87,80,96,92,75,90,97,88,80,93,97,93,101,99,93,100,94,96,92,93,92,93,99,88,100,94,103
96,89,91,97,90,91,94,88,94,100,88,92,93,89,98,97,82,92,94,97,96,94,85,91,97,96,90,91,92,93,91,88,97,86,76,91,81,87,90,92,82,88,81,93,86,92,92,87,86,88,94,94,90,91,88,94,81,95,88,91,94,88,96,98,95,88,94,96,92,102,98,92,99,97,96,94,94,91,93,98,81,94,93,104
95,84,86,101,87,83,81,89,94,95,84,92,86,87,103,95,88,96,86,96,97,92,92,89,91,93,90,93,94,94,92,89,98,90,75,90,87,91,92,93,84,90,81,86,88,92,84,89,92,88,92,95,91,95,85,95,83,92,89,97,95,90,98,97,95,88,93,98,92,101,97,93,100,101,97,92,93,93,94,100,90,96,95,105
95,91,90,99,83,88,87,94,87,97,85,92,89,90,97,95,90,94,92,96,95,97,89,91,98,96,90,95,95,96,91,93,98,91,84,91,91,91,93,95,87,92,82,90,90,89,84,90,80,87,93,96,93,93,89,93,84,94,89,99,92,89,97,96,92,90,91,101,94,99,100,94,101,97,97,89,95,94,98,99,91,94,99,102
99,82,91,88,89,90,93,93,84,98,91,91,93,92,99,95,91,94,92,96,93,101,91,90,98,96,94,92,96,95,94,93,95,91,90,92,92,89,92,95,88,92,87,91,88,92,90,91,92,89,80,98,93,91,89,85,84,95,91,108,90,89,96,97,91,90,95,97,94,99,100,93,103,96,93,87,86,94,96,99,92,94,100,101
101,81,87,91,91,89,91,94,77,96,90,90,93,92,97,89,94,98,92,95,95,101,85,90,99,91,92,93,95,95,88,93,92,93,91,94,90,89,85,93,88,93,90,92,80,92,93,91,94,91,85,97,89,92,92,92,86,95,87,104,86,90,90,89,84,91,97,99,91,99,101,95,104,97,92,91,89,94,99,98,95,94,99,98
99,85,85,97,92,90,91,92,86,96,91,92,94,93,97,97,93,96,92,89,93,102,85,91,100,78,92,93,95,92,88,93,95,91,91,94,92,92,92,93,88,94,78,90,78,93,94,91,93,90,85,98,95,92,92,93,86,95,89,100,91,89,94,87,90,87,97,94,85,101,101,95,103,97,98,92,83,96,98,94,95,96,97,103
97,85,82,97,92,91,92,92,94,98,93,91,96,93,98,98,92,99,91,87,96,101,68,94,88,79,92,94,96,93,92,93,98,81,92,95,92,91,92,93,89,96,83,92,87,93,95,87,94,91,88,97,91,93,92,95,87,95,92,97,85,92,95,91,90,90,97,91,89,101,100,92,106,97,99,92,89,96,101,94,90,95,97,100
96,87,88,96,92,92,83,92,96,98,94,91,95,94,98,97,92,94,91,95,98,96,71,94,91,88,90,83,97,90,94,92,97,82,92,92,91,93,93,95,91,95,90,94,87,95,91,86,92,92,93,98,96,92,90,97,89,97,93,98,89,91,93,91,91,89,96,95,92,101,100,94,106,96,95,92,90,97,100,93,95,96,94,100
86,89,90,96,92,93,85,93,92,99,94,91,95,95,100,93,91,89,91,97,99,98,80,98,95,91,91,83,97,88,96,92,95,90,92,93,92,93,93,93,94,96,92,92,89,95,84,89,92,92,94,98,95,92,85,94,88,98,91,100,92,90,94,97,94,92,95,94,94,103,97,95,105,97,98,91,84,96,92,80,97,97,96,102
90,80,89,98,92,94,88,81,92,99,94,95,93,94,100,95,91,96,91,99,98,98,86,93,92,92,91,89,97,84,97,91,90,93,78,93,91,89,93,94,94,98,92,93,90,90,87,91,91,92,96,99,93,93,82,94,89,100,89,101,76,91,94,95,95,92,95,88,81,101,102,94,102,95,98,91,83,94,98,84,97,97,95,103
95,89,88,97,93,94,89,82,93,97,95,84,95,95,100,95,91,94,90,96,98,99,88,93,94,92,91,89,97,82,98,93,94,95,83,94,86,87,93,93,94,99,93,94,90,96,89,91,93,93,93,97,94,94,91,93,90,102,79,101,83,91,98,94,96,93,95,90,86,92,101,95,101,94,99,92,86,95,97,94,95,94,96,101
92,90,87,95,92,93,80,85,94,97,97,90,95,95,101,97,92,97,95,86,93,99,92,92,95,93,90,91,98,86,97,93,89,96,88,95,91,90,92,93,92,93,93,90,90,96,79,92,93,93,91,102,96,95,88,94,91,96,86,99,86,91,90,94,96,91,95,94,85,97,101,95,90,95,99,90,89,96,99,101,93,96,89,101
96,92,91,94,94,94,89,87,94,97,93,93,93,95,101,98,92,98,93,90,95,97,92,95,96,93,90,89,98,85,97,88,95,95,86,98,91,92,88,96,92,96,94,93,90,97,87,91,93,94,89,102,94,91,91,98,90,90,86,98,91,92,91,97,97,85,96,95,86,100,103,96,95,98,99,88,92,96,104,100,96,94,98,104
96,93,93,98,94,94,95,90,94,96,95,95,95,94,97,97,93,99,89,95,88,93,91,93,88,95,92,89,99,77,93,88,96,94,84,87,88,93,88,96,93,98,90,94,90,97,90,91,94,93,83,100,92,94,91,101,94,90,86,98,89,92,92,96,97,87,95,88,89,100,105,92,97,99,99,93,92,95,85,100,83,93,98,103
96,82,88,96,93,94,95,91,95,88,94,95,91,94,100,95,96,97,92,96,82,77,89,93,89,94,92,91,98,89,92,94,95,95,72,86,91,94,91,97,94,99,91,94,85,100,89,92,97,93,85,101,93,95,92,100,94,91,90,98,88,93,92,96,98,87,95,95,82,98,106,97,97,101,101,89,93,93,90,95,94,86,97,103
98,86,86,97,95,94,93,91,97,94,92,95,92,95,100,89,96,98,93,86,91,75,87,93,92,91,91,88,100,91,94,96,91,98,84,86,90,86,93,97,91,100,93,97,92,102,90,94,92,94,84,100,95,93,85,98,93,85,89,98,90,94,95,97,95,90,96,93,90,100,105,98,97,105,102,88,93,88,91,100,93,94,98,103
98,92,90,98,96,93,94,92,97,91,91,96,93,96,100,95,97,99,94,88,92,86,92,75,94,93,92,92,100,83,96,95,92,98,90,88,85,90,92,97,92,102,91,92,93,102,89,95,90,93,93,101,95,92,89,100,91,87,89,101,91,93,96,92,91,85,96,90,90,100,105,99,99,109,103,91,91,95,91,101,95,86,92,102
97,95,90,98,99,94,94,92,98,96,92,97,95,92,98,94,96,100,97,87,92,92,92,87,96,94,92,90,99,87,95,93,89,96,91,89,83,90,92,96,93,105,92,95,93,96,86,95,89,94,92,99,93,94,92,102,93,92,88,97,92,94,96,93,96,85,96,93,84,101,103,99,99,106,106,93,91,96,92,100,94,93,91,94
100,96,91,96,97,92,94,93,96,95,92,98,95,95,81,95,95,102,97,95,93,92,92,88,96,96,93,90,100,91,95,93,93,95,91,91,86,91,94,96,97,103,92,93,94,88,89,96,91,94,91,99,81,91,92,100,80,94,89,89,90,95,97,81,94,89,98,92,90,101,106,92,99,100,108,95,93,101,99,100,96,88,88,99
94,80,92,98,88,93,93,93,97,87,94,87,95,90,93,99,97,102,96,95,94,93,91,88,91,93,92,94,98,91,95,95,94,97,92,94,88,92,93,96,97,101,91,94,94,96,90,94,94,96,91,97,90,92,91,96,89,94,91,97,91,95,96,83,95,79,100,94,91,100,91,86,100,99,96,96,94,96,98,101,86,90,93,99
99,86,94,92,92,90,95,93,96,90,97,91,93,85,94,99,96,99,96,93,94,94,91,88,95,95,92,95,97,91,97,94,95,96,92,93,84,93,94,97,95,101,93,93,95,98,91,96,94,96,97,98,93,90,91,97,88,94,91,99,92,95,86,77,98,85,101,93,92,93,93,83,99,94,91,96,91,94,98,104,92,93,96,97
102,92,94,94,92,92,86,91,100,89,92,93,95,94,95,96,95,97,98,95,95,94,94,92,86,95,93,93,96,91,96,94,97,95,92,95,83,91,93,98,95,102,94,95,95,98,92,96,93,98,98,99,93,95,91,96,88,96,91,97,93,97,93,76,95,89,102,88,88,98,104,87,101,90,95,97,91,96,100,102,93,95,97,101
102,90,92,89,94,92,90,90,99,89,95,95,94,95,96,85,94,98,98,93,96,93,91,92,90,95,92,93,98,92,96,96,97,95,92,95,89,93,94,97,95,103,94,95,95,98,86,96,94,97,95,101,93,95,91,98,92,97,92,91,92,96,93,90,96,92,101,91,84,93,102,90,102,97,96,96,91,98,99,103,92,98,93,101
102,88,92,83,94,86,92,93,96,88,91,95,96,99,96,94,93,95,98,95,96,94,93,94,95,97,91,93,97,91,96,102,98,94,93,95,90,93,94,98,94,100,87,94,96,97,79,96,95,99,97,101,89,95,91,98,91,99,92,87,90,96,95,91,88,90,101,92,81,98,104,92,101,98,96,93,92,98,101,97,93,99,86,101
104,84,92,74,95,91,94,95,96,92,94,96,96,100,96,100,96,99,99,96,95,95,94,94,96,96,94,93,99,89,97,96,98,92,96,96,90,79,94,98,86,99,80,96,92,99,88,96,94,98,98,99,93,93,91,98,87,98,94,96,90,96,98,88,83,91,99,91,85,96,105,94,101,99,99,94,91,99,99,94,96,100,85,101
103,86,93,75,99,91,91,95,95,91,95,97,96,96,96,99,96,101,100,94,95,95,93,95,96,96,94,85,101,89,97,99,99,80,89,96,94,84,94,99,86,99,85,95,91,98,93,92,94,96,99,98,93,93,93,98,88,99,92,99,93,96,98,92,93,91,104,93,89,97,97,95,102,100,99,95,91,99,100,96,95,100,90,102
103,88,97,89,102,93,93,94,96,92,97,96,96,97,97,97,98,102,99,87,95,95,94,95,96,97,94,92,101,90,97,97,101,85,91,95,93,84,94,98,93,98,85,95,90,100,92,96,92,91,98,90,92,94,92,100,92,100,92,101,94,96,98,93,90,92,104,91,90,96,101,94,100,99,102,96,91,100,99,94,97,94,88,102
108,91,95,92,100,93,95,94,100,95,96,95,95,97,97,97,97,101,97,91,96,95,94,95,97,97,94,95,100,91,98,98,91,89,86,94,94,87,95,100,93,100,90,95,91,99,90,94,91,91,97,99,89,93,92,101,95,100,91,97,95,99,97,96,91,92,95,94,90,98,106,84,102,100,91,98,91,99,100,93,97,100,89,104
103,94,95,93,95,94,96,92,91,97,96,97,97,85,98,99,93,102,92,95,97,94,86,96,99,95,94,94,101,91,98,99,97,94,90,95,96,79,96,99,94,99,91,95,92,99,91,95,91,90,96,100,91,93,94,100,94,99,93,98,92,99,99,92,91,92,97,98,91,97,105,89,100,99,102,98,93,100,101,83,97,99,81,106
96,99,94,91,92,95,91,95,91,96,97,88,96,94,99,100,91,100,95,93,97,95,81,97,99,96,94,94,102,81,97,99,98,92,91,96,95,79,94,98,93,98,94,95,94,98,92,96,92,92,96,100,92,93,91,95,96,97,93,99,91,98,100,90,94,92,98,97,92,100,103,93,101,99,102,96,94,99,100,93,98,101,94,110
84,93,85,94,82,95,89,98,94,95,100,90,94,97,98,102,99,99,97,94,97,95,85,99,97,97,94,95,101,89,99,99,96,90,92,91,89,82,94,98,94,99,95,97,92,99,89,96,93,93,95,99,91,93,94,100,97,97,92,101,88,99,99,95,98,91,101,99,93,98,101,92,102,91,102,95,93,97,101,96,98,102,91,109
77,95,90,93,82,96,94,100,98,95,98,96,97,96,96,107,101,98,98,94,95,96,93,98,99,98,95,94,100,88,94,90,97,90,92,88,85,82,97,99,93,100,94,97,88,100,90,96,94,86,98,94,93,94,94,100,97,96,93,103,91,99,100,95,97,90,99,99,94,100,102,92,102,88,103,98,94,100,101,96,99,104,88,109
91,88,87,94,88,97,94,99,91,95,98,87,97,95,81,103,99,98,98,95,94,97,90,96,98,96,96,92,96,84,98,92,99,92,91,94,89,87,96,99,95,100,95,95,84,98,92,96,94,93,100,93,93,93,94,100,95,98,92,100,92,101,101,89,99,91,101,98,93,101,105,93,102,96,105,100,96,100,102,96,97,105,91,108
93,86,92,94,92,98,83,97,95,96,95,81,99,96,91,97,97,98,97,95,95,100,92,98,100,92,97,96,94,90,99,90,99,92,90,97,87,86,95,100,94,99,95,96,82,98,92,95,89,96,102,95,94,93,93,97,94,98,94,101,91,104,101,86,97,93,101,97,87,101,104,95,104,97,98,101,97,101,101,97,100,108,93,103
96,90,84,93,92,97,93,96,97,95,91,91,92,97,91,97,96,100,96,96,96,98,91,98,100,95,93,97,91,91,101,86,99,94,87,95,85,81,96,103,93,100,95,97,79,99,92,97,90,98,102,77,94,94,94,100,93,99,97,99,91,106,101,83,88,96,89,99,93,105,104,96,104,95,78,92,95,101,103,97,98,106,93,99
95,92,96,96,93,96,93,96,99,97,93,93,97,97,96,102,97,101,97,97,97,91,92,98,99,96,96,98,92,92,96,90,99,92,88,95,84,84,96,105,94,101,95,98,83,99,95,95,89,97,103,78,97,96,95,100,95,92,94,102,93,107,100,83,90,95,87,101,93,100,105,97,99,93,94,95,95,101,99,99,100,103,94,102
95,90,94,94,94,98,91,96,100,97,96,93,101,92,96,96,96,103,98,97,97,93,90,97,99,96,96,97,89,93,92,93,99,88,93,90,88,88,94,100,96,102,96,97,91,101,95,96,90,97,101,90,95,94,96,100,96,99,95,103,89,105,100,83,95,93,86,102,86,97,101,98,101,93,92,89,96,100,98,101,100,102,94,104
95,91,93,90,94,99,90,96,100,97,95,94,104,92,96,100,96,103,98,96,97,85,92,97,100,94,97,96,94,93,95,96,98,87,93,94,90,88,95,100,89,102,96,98,89,105,95,96,93,98,102,86,96,94,94,100,97,98,94,100,92,100,100,91,97,98,95,103,86,100,102,98,100,90,95,78,98,99,100,102,100,102,95,106
97,92,91,94,95,100,89,97,92,97,95,94,105,88,98,99,95,102,99,96,95,85,93,95,98,93,96,97,96,93,98,97,99,88,93,94,91,90,96,95,91,102,96,98,89,98,93,98,92,98,102,85,95,95,96,99,98,99,94,100,89,100,100,91,97,92,95,99,84,99,100,97,103,92,96,86,97,99,101,103,100,98,97,106
98,91,92,95,96,101,92,89,94,95,97,95,101,89,99,98,91,101,100,98,94,92,93,98,99,88,96,97,84,93,99,97,101,91,94,97,92,91,95,99,86,100,97,99,91,99,93,100,92,99,97,90,95,93,96,99,97,100,92,99,86,102,102,92,97,96,89,99,77,100,101,95,102,95,96,94,97,100,103,103,100,99,92,106
98,92,93,98,97,99,93,90,95,95,95,95,98,90,100,100,94,101,100,98,93,88,92,97,102,91,97,99,88,95,96,82,98,93,94,100,93,90,97,99,90,99,98,99,93,99,94,98,89,89,97,93,96,86,96,100,98,100,94,99,85,104,103,92,98,93,94,100,87,101,103,96,103,98,96,96,97,101,104,104,100,100,93,105
99,94,94,95,98,87,92,92,95,96,96,95,99,94,98,99,96,98,94,98,94,93,88,98,101,94,98,98,91,95,100,87,99,88,94,102,93,88,97,98,92,100,97,98,92,96,96,99,93,91,98,93,94,88,96,102,99,99,93,100,91,104,103,93,98,93,97,101,92,102,101,95,104,100,99,96,97,101,103,106,99,97,94,103
95,94,93,95,98,90,94,94,91,98,96,96,98,94,99,101,94,97,96,99,97,93,88,99,101,95,98,97,97,95,101,92,99,86,94,100,92,90,99,94,94,99,98,98,94,97,96,99,94,94,96,90,91,91,97,103,99,101,96,100,95,101,102,95,91,94,96,99,92,102,99,93,104,94,99,97,99,102,103,110,95,100,95,104
96,95,94,96,101,96,93,95,94,99,93,96,100,95,95,102,95,98,96,99,93,94,87,99,103,96,97,97,98,94,101,94,95,92,93,97,93,91,99,94,93,102,99,100,94,99,96,100,94,97,94,88,95,93,98,103,99,102,95,100,97,101,100,96,97,96,95,100,89,98,100,95,105,95,97,94,99,101,102,101,92,101,98,105
95,95,93,91,99,97,97,95,94,99,78,95,97,97,91,104,96,101,97,98,88,95,91,100,101,100,93,95,99,94,100,92,94,93,96,98,93,92,97,96,95,100,97,97,94,83,97,101,91,99,91,93,95,93,98,104,98,100,94,101,94,97,100,96,97,96,94,94,80,90,104,97,105,96,100,96,98,101,103,101,93,100,100,104
95,95,93,96,100,100,98,97,94,99,92,97,98,98,97,109,94,99,99,97,94,95,92,99,99,103,97,96,98,92,98,92,99,94,97,100,94,92,98,97,92,100,95,100,94,89,96,101,92,98,91,94,96,93,97,103,99,96,95,100,96,99,101,94,98,95,94,92,87,98,105,98,103,96,100,98,98,102,103,101,93,94,99,104
97,96,94,95,94,103,95,99,96,100,93,96,101,97,96,105,98,97,99,98,95,98,92,96,99,102,98,97,99,94,94,95,97,94,93,98,94,91,98,98,84,101,95,100,95,95,98,102,92,99,91,94,96,94,98,97,100,98,95,100,97,99,100,93,98,88,95,96,84,100,105,91,104,97,90,98,100,93,103,103,97,97,98,103
99,97,95,96,90,102,92,98,96,99,90,98,101,94,96,100,94,97,102,98,94,100,91,101,99,99,101,97,100,95,99,94,97,95,95,101,96,92,90,93,90,100,96,101,95,93,99,102,93,100,96,96,97,95,99,97,103,96,97,100,98,97,102,95,95,91,93,99,90,102,104,83,104,97,98,99,100,92,105,102,101,98,97,103
95,98,97,96,88,101,96,99,96,99,93,99,102,96,95,101,95,98,103,99,95,97,92,100,100,98,93,99,101,95,102,97,99,96,95,101,98,93,96,95,92,100,97,100,95,93,97,102,94,97,98,98,96,94,100,97,94,99,97,100,99,98,101,94,99,95,90,101,93,103,98,94,102,99,101,97,101,97,107,103,101,102,98,104
95,97,95,95,93,99,95,98,98,99,97,98,102,97,98,85,98,99,104,100,94,103,92,101,101,98,93,99,102,95,101,97,85,95,96,93,96,93,99,96,93,99,98,99,95,92,96,103,95,96,99,95,102,94,101,92,91,98,98,101,100,99,101,94,101,94,96,99,92,102,97,96,102,100,101,96,101,96,106,100,103,102,97,104
94,96,95,97,93,100,87,93,99,99,97,98,100,99,99,88,102,97,99,99,96,102,93,100,102,94,97,101,102,95,97,97,87,100,83,93,98,94,101,76,92,100,97,100,97,91,97,103,96,92,100,93,102,94,100,97,90,98,91,102,100,92,101,95,100,90,98,101,93,99,101,99,102,99,102,97,102,97,99,98,103,101,98,103
90,97,96,96,94,99,93,83,94,101,96,96,100,92,98,96,98,100,100,99,98,98,94,100,101,97,95,99,101,96,97,97,87,98,92,96,92,93,97,80,93,100,97,100,97,95,98,102,96,93,87,93,101,95,100,97,96,100,94,104,99,94,100,94,101,96,98,101,95,102,102,102,107,101,103,91,99,98,100,100,100,102,101,103
86,97,96,95,95,100,93,93,91,94,99,97,99,95,101,98,96,99,101,101,98,96,94,98,100,97,96,98,99,96,97,99,75,95,93,81,83,96,100,89,92,99,96,99,98,95,100,102,95,93,96,96,98,95,100,96,88,100,94,103,98,97,96,96,101,97,98,99,95,101,97,101,107,102,102,90,100,99,87,100,100,99,86,105
94,99,96,95,96,100,95,94,95,98,93,99,100,98,100,99,95,99,100,102,100,95,98,100,99,98,96,91,101,94,100,95,76,87,92,92,86,97,101,92,92,101,98,98,94,95,99,100,95,95,97,93,97,96,98,97,93,102,91,105,99,100,98,98,98,97,98,101,93,102,104,99,106,102,102,94,99,98,95,99,98,101,93,106
93,100,94,94,95,101,98,96,96,98,93,99,105,98,100,98,94,99,100,101,99,96,101,102,99,98,96,94,100,95,99,94,84,81,90,83,91,92,98,91,94,99,98,100,93,96,99,97,98,96,98,96,98,92,99,97,95,102,94,102,98,100,99,95,101,98,98,101,93,105,103,98,107,101,101,94,100,99,99,101,95,103,92,106
87,100,93,94,97,99,98,96,95,100,82,100,105,100,99,100,97,101,98,99,98,96,93,102,100,100,92,96,100,94,94,97,78,92,90,83,88,92,96,92,94,96,99,101,94,96,100,94,98,95,99,96,96,94,98,99,95,101,96,96,101,98,103,94,101,99,90,101,93,103,104,100,106,100,104,97,101,99,102,98,100,102,86,104
92,99,89,95,97,97,94,98,97,94,88,99,103,101,101,101,98,102,90,99,99,96,96,101,100,102,91,94,100,92,97,98,77,93,94,80,90,95,98,91,94,96,98,102,97,97,100,94,97,98,99,94,98,95,100,98,93,101,95,89,100,99,102,96,103,101,96,101,93,96,105,102,104,97,105,99,102,100,101,98,102,103,92,99
94,95,86,95,98,99,96,98,99,98,86,96,102,102,104,101,100,102,96,100,100,97,96,101,102,101,96,87,99,94,101,99,89,95,90,80,91,95,98,94,94,98,99,96,97,98,101,98,96,100,86,94,93,95,99,99,94,100,92,92,100,101,98,98,108,94,95,99,94,99,104,98,103,97,106,102,101,100,85,100,102,103,96,102
92,92,94,98,97,99,94,98,101,101,92,97,102,102,105,102,102,99,97,100,91,97,93,102,101,99,99,95,100,95,99,100,91,94,94,86,91,99,98,94,90,96,97,95,84,99,100,98,97,102,90,93,97,95,99,97,93,99,74,99,99,100,101,93,110,92,96,99,94,101,103,99,106,101,105,102,102,100,94,102,104,103,98,102
94,90,94,98,98,99,95,98,103,100,89,97,100,101,106,102,102,101,98,98,91,96,94,105,97,90,99,94,101,96,99,100,92,91,96,92,91,100,98,95,93,99,98,89,90,99,100,99,96,105,90,97,99,95,100,87,93,97,92,99,101,100,102,93,99,93,89,101,95,102,103,100,106,101,104,100,103,100,96,101,105,104,99,102
93,92,96,98,97,98,97,98,104,100,93,98,100,101,105,102,100,102,94,98,94,95,94,104,97,95,95,97,101,98,102,102,92,92,95,93,91,100,98,95,96,94,99,94,93,98,99,99,97,101,89,96,100,96,100,93,94,98,91,100,102,99,101,92,99,94,80,102,97,102,103,102,104,103,106,101,104,102,100,96,104,103,99,104
94,98,95,96,92,99,97,98,89,101,95,98,100,101,102,100,89,101,101,98,96,93,92,103,100,98,95,89,92,97,105,100,89,89,94,93,91,99,98,95,81,82,98,97,94,99,100,95,99,102,93,97,99,97,100,95,93,98,92,101,101,100,102,92,97,98,94,102,97,104,105,100,104,107,101,102,105,102,100,96,104,103,99,102
95,101,96,95,96,98,97,96,91,101,95,96,101,99,94,100,90,100,100,102,96,86,93,105,99,99,95,90,89,98,103,100,86,88,90,93,93,93,99,97,87,94,97,97,94,97,97,95,98,105,94,97,100,99,100,94,91,96,93,100,101,103,102,94,91,96,96,102,100,100,102,99,103,103,101,100,105,102,100,90,105,104,99,104
98,97,94,94,97,99,97,98,94,101,97,87,101,100,97,100,92,101,100,103,96,89,94,102,103,99,93,90,90,98,104,96,86,91,92,94,95,94,99,97,93,94,98,98,94,94,97,96,99,99,93,98,100,92,100,95,93,101,92,97,102,104,102,95,88,90,94,102,100,92,101,101,97,102,103,97,104,105,101,99,105,106,99,102
98,97,96,95,97,99,98,98,93,102,98,95,103,100,100,100,92,101,101,98,93,85,93,98,97,98,94,91,93,96,104,98,92,94,93,93,93,96,99,97,94,95,99,100,94,94,97,98,98,97,94,96,92,92,100,97,89,98,93,83,103,103,94,94,82,90,97,101,100,100,102,102,105,103,107,98,101,96,100,100,104,104,99,94
99,99,96,89,99,98,98,96,94,101,100,96,103,100,99,99,94,102,99,100,93,80,93,99,91,98,91,94,93,96,96,93,92,94,92,94,93,96,99,98,92,95,99,100,96,97,97,98,98,97,96,99,90,95,100,98,94,95,94,98,104,99,102,93,96,90,94,103,97,101,102,103,105,102,97,101,98,84,99,102,103,107,94,102
101,98,98,83,102,98,100,96,94,101,101,97,104,101,98,98,96,104,100,97,96,79,93,99,97,98,95,94,92,97,98,99,93,93,93,94,93,96,99,97,92,94,101,102,97,95,101,99,99,97,97,97,95,88,100,94,94,98,94,94,101,91,101,94,98,88,96,104,85,99,102,105,104,102,97,104,98,76,101,103,104,107,94,101
93,99,100,85,104,98,103,97,93,100,94,100,105,102,97,98,98,104,101,102,96,90,91,100,100,89,95,95,94,98,99,99,92,93,91,95,94,94,100,98,91,93,92,104,95,95,100,100,99,97,97,97,96,88,100,98,95,97,96,88,98,100,103,95,97,91,97,103,93,93,102,102,103,101,96,101,98,83,102,105,104,106,93,103
96,99,99,88,93,95,104,97,93,98,95,85,103,101,97,99,85,95,98,92,97,91,90,100,101,97,97,96,84,95,100,99,93,94,88,95,95,91,94,99,93,91,93,98,89,99,102,103,98,95,97,97,99,89,101,97,93,98,94,93,99,103,105,96,99,92,99,102,94,93,100,103,106,102,98,102,99,84,101,104,103,101,95,103
100,85,99,91,97,98,100,98,95,101,98,93,89,99,91,99,86,101,94,97,97,95,92,98,100,98,97,95,84,96,98,100,90,94,90,95,95,96,99,98,93,96,89,98,82,103,102,103,97,95,98,99,99,90,100,95,97,98,93,96,102,102,97,96,97,95,98,97,94,86,99,101,107,89,98,96,99,88,101,103,103,104,97,95
98,85,100,95,98,98,95,93,93,103,100,93,94,101,81,100,91,101,96,98,95,94,92,97,94,99,98,94,91,97,94,99,93,95,96,95,95,94,99,98,94,96,94,98,94,106,102,100,97,96,100,101,97,82,100,97,98,95,97,101,106,100,100,96,97,98,99,101,94,87,103,101,106,90,99,102,84,93,101,104,103,104,95,101
94,86,99,94,97,99,93,93,87,103,93,93,96,101,90,100,92,86,96,96,94,94,92,97,103,97,97,95,93,96,97,99,93,95,99,94,96,92,99,97,95,96,94,98,95,103,100,91,97,98,99,102,98,87,98,82,97,96,97,98,104,99,101,96,96,97,100,103,93,94,103,102,103,96,99,103,92,83,99,104,101,101,98,95
95,87,97,93,96,96,90,93,92,103,93,96,98,97,93,91,96,89,96,90,93,91,98,97,101,100,97,95,93,96,98,98,94,97,99,93,95,92,98,96,96,101,95,98,95,100,98,89,98,99,100,97,97,93,98,88,97,96,95,80,97,101,101,97,94,90,101,100,94,97,103,103,105,93,100,103,99,82,100,104,102,104,98,98
96,91,98,95,97,87,88,94,97,103,95,96,97,100,92,94,98,94,97,97,79,94,86,97,100,94,98,95,89,97,96,97,95,97,99,94,94,92,101,97,92,102,96,99,97,99,99,83,97,99,101,98,93,93,100,92,93,82,92,86,93,96,100,96,94,87,101,102,95,97,105,106,104,92,101,101,101,91,100,104,100,93,97,92
96,92,97,91,97,94,89,95,94,99,93,98,98,102,88,94,100,97,98,91,86,94,88,99,101,88,97,89,88,98,90,95,94,94,94,93,94,94,101,98,94,101,97,100,96,101,100,86,96,99,100,98,94,94,100,93,94,88,91,93,96,97,99,96,98,91,99,104,94,96,103,107,106,94,101,101,101,94,96,103,99,97,98,94
97,94,98,91,97,95,91,95,84,92,94,98,98,102,95,93,99,98,99,91,84,94,88,89,102,91,94,75,90,95,80,94,96,93,93,88,94,94,98,97,91,101,96,98,95,102,96,95,97,104,99,100,94,94,100,93,95,82,90,95,101,99,101,100,98,95,99,103,95,96,103,96,94,97,97,101,101,93,90,102,101,100,98,97
97,98,99,94,96,95,93,96,84,87,94,98,98,102,92,98,96,93,100,97,78,95,90,91,102,93,97,76,92,95,84,95,93,94,93,84,91,93,98,97,93,99,97,100,95,96,101,97,98,100,100,101,93,96,99,94,96,83,92,96,102,100,102,102,98,96,101,104,94,97,104,93,103,98,92,101,98,94,76,102,102,101,100,98
88,99,100,95,98,96,86,93,91,91,93,97,99,99,90,97,97,82,100,99,89,95,91,91,103,95,97,85,91,97,81,95,94,94,92,89,84,94,93,97,93,97,98,102,96,98,94,96,93,102,99,106,94,101,99,93,98,86,93,97,103,100,90,99,100,98,102,103,94,96,103,97,110,96,88,98,98,93,74,102,94,97,90,99
92,100,97,91,101,81,80,93,92,93,97,90,100,97,88,95,93,92,98,99,93,91,91,94,102,95,97,90,90,95,87,94,97,94,92,92,90,95,89,99,93,97,98,100,93,100,95,85,84,99,99,104,95,88,96,93,98,90,93,98,99,100,87,97,99,97,94,96,93,97,99,99,112,98,99,99,98,92,86,103,102,101,94,98
95,102,96,90,101,79,89,74,93,94,100,94,99,96,79,95,98,95,96,97,95,84,84,94,100,96,94,92,94,94,88,89,93,97,91,77,91,94,94,93,88,96,92,99,96,100,91,87,86,96,98,100,96,92,99,95,95,91,94,102,102,101,76,94,99,93,96,90,95,96,96,98,109,98,102,96,95,92,90,102,102,106,96,99
98,100,97,83,95,86,86,82,94,95,98,92,99,96,84,104,97,98,96,97,98,91,90,98,99,96,97,92,97,92,90,94,91,95,92,82,92,90,94,89,92,98,80,100,98,100,96,89,78,94,99,102,94,94,97,91,94,84,93,98,102,101,75,95,98,93,98,94,93,98,95,100,105,98,105,95,96,91,93,99,100,105,96,87
99,91,100,91,95,76,93,85,97,96,96,82,101,99,86,105,92,100,96,98,92,91,92,98,98,95,98,90,96,91,90,94,91,93,93,90,90,86,96,88,94,98,94,99,101,99,101,94,86,93,99,105,91,94,96,87,92,78,94,97,101,103,83,97,86,94,102,102,93,96,93,101,103,103,104,99,97,92,93,100,100,103,100,92
101,96,96,92,90,85,93,85,99,99,92,86,103,100,86,100,92,98,98,98,98,91,97,97,98,97,91,93,82,85,92,80,90,93,94,91,90,92,95,86,93,97,95,98,90,95,104,80,92,92,99,102,91,92,98,90,92,86,95,98,95,107,88,97,85,92,99,101,92,97,94,100,102,100,103,101,94,94,94,100,99,104,100,94
102,98,99,93,80,88,96,88,98,97,94,90,102,102,87,102,92,93,101,96,93,94,96,97,98,97,93,94,75,90,94,92,93,91,96,91,93,91,98,91,93,98,94,100,95,95,101,94,92,95,102,87,88,96,99,89,97,85,94,99,95,107,93,97,86,86,93,98,89,97,98,99,104,101,103,98,95,96,94,99,102,100,99,95
102,95,99,85,92,93,93,90,96,97,95,88,102,92,92,96,93,95,94,97,95,91,96,97,100,98,97,95,81,76,90,95,94,94,94,73,95,82,97,94,95,96,91,96,95,90,103,95,93,92,102,95,84,97,87,91,98,91,97,102,99,107,95,97,94,83,96,93,84,101,101,84,102,100,104,100,94,92,92,97,101,85,99,90
98,97,100,85,93,92,92,89,94,97,95,87,98,93,80,95,94,92,94,95,96,94,91,96,100,97,98,95,85,94,89,95,95,93,88,76,91,92,99,95,90,96,93,91,96,91,99,94,92,92,101,98,89,98,96,93,97,92,87,101,99,108,86,95,96,90,95,93,83,93,95,92,102,101,102,99,100,92,92,93,102,94,100,92
98,95,97,90,95,92,91,90,96,97,95,85,99,92,85,96,92,93,97,88,96,93,93,94,102,97,98,93,76,94,93,95,97,96,81,78,86,93,99,91,92,99,93,93,97,88,96,94,92,88,101,99,88,95,97,93,94,88,91,97,99,110,81,96,92,90,98,81,89,95,91,93,92,103,99,97,101,93,96,96,102,83,102,94
97,95,97,90,98,92,93,90,95,101,96,84,100,92,86,96,91,94,96,89,95,93,95,89,102,95,93,95,81,80,92,95,98,87,79,82,89,95,93,91,92,99,93,94,99,91,92,81,93,92,97,102,87,95,91,96,93,89,93,97,98,112,91,98,95,96,95,90,92,96,95,92,94,103,101,97,100,94,87,97,103,92,100,96
97,96,96,88,88,85,93,88,94,99,97,88,99,94,90,98,91,94,79,86,92,93,96,92,101,95,92,92,84,86,92,95,97,96,79,85,88,92,92,86,92,82,94,97,93,90,97,83,84,91,97,97,88,96,98,93,93,89,94,98,97,99,93,85,94,88,93,92,93,97,96,78,96,102,100,89,100,95,85,89,103,94,97,95
94,95,96,78,93,78,94,88,93,97,97,92,93,95,91,98,97,91,80,86,81,88,92,91,100,93,96,85,87,89,95,96,95,97,91,88,85,91,87,82,94,85,90,95,89,91,97,86,95,94,98,98,89,95,101,83,90,89,96,96,99,97,92,83,92,88,94,90,94,96,96,87,95,103,95,96,99,96,85,89,102,97,101,95
93,97,75,88,92,82,95,91,93,96,85,94,96,92,93,98,97,88,87,90,93,94,94,80,97,96,96,79,90,93,92,95,91,97,93,75,87,92,97,88,90,87,89,96,89,94,96,88,96,96,99,89,92,95,95,82,90,89,100,98,98,91,85,86,95,89,95,87,94,96,88,92,99,89,94,97,93,95,87,79,101,91,97,94
85,98,87,89,89,83,96,93,90,76,86,99,90,82,90,96,96,90,90,89,93,96,91,83,101,96,99,82,89,93,89,93,83,97,94,84,91,94,97,80,89,86,91,98,91,97,94,93,97,95,98,83,92,96,99,88,81,92,94,83,98,97,83,92,97,91,92,97,94,97,87,93,100,93,96,99,96,95,86,77,101,81,96,95
85,101,85,90,93,86,96,93,94,74,93,83,91,80,90,94,83,93,94,94,84,83,81,91,100,97,98,84,90,86,73,91,86,95,92,87,90,86,96,83,91,92,93,99,91,94,80,93,94,94,96,90,91,96,97,86,91,92,93,75,97,101,87,93,95,93,76,91,80,95,81,95,104,95,97,99,93,93,87,85,100,67,93,92
91,81,91,91,94,87,96,90,86,83,95,92,87,84,92,93,87,94,90,91,82,90,77,94,99,97,97,85,90,83,85,91,91,96,96,79,91,87,95,90,91,92,94,99,94,95,84,87,90,97,97,89,91,91,93,88,91,91,94,77,98,102,88,92,84,96,91,94,88,99,76,94,105,93,97,96,91,93,93,88,100,87,94,92
92,84,94,90,93,86,81,79,91,88,95,94,77,90,95,94,93,95,93,87,75,92,86,94,89,86,98,90,91,84,87,88,91,96,98,73,76,90,93,81,92,93,94,98,94,94,89,90,95,96,90,87,89,91,92,89,91,88,94,82,90,100,91,93,92,96,93,91,90,97,84,93,105,99,99,66,91,93,93,92,98,93,91,94
92,89,95,88,95,91,87,71,95,88,90,96,76,90,97,97,92,95,94,88,74,95,75,93,94,89,99,92,91,77,91,91,91,94,89,68,83,88,87,86,85,93,92,95,89,93,87,91,94,96,78,95,89,88,83,88,89,85,95,81,92,90,92,92,81,93,95,96,94,97,80,94,103,87,97,77,90,94,94,85,100,94,88,93
95,91,93,89,87,91,87,77,87,80,85,96,85,93,99,97,95,95,92,92,89,94,76,95,88,90,97,93,92,70,92,90,91,95,89,77,90,91,93,90,81,94,90,95,92,94,83,90,94,95,86,97,92,91,84,88,91,87,95,87,94,94,89,79,87,86,96,98,92,94,86,94,96,72,96,88,95,92,92,86,98,92,93,92
95,92,88,86,90,88,87,86,94,92,84,96,77,94,92,99,92,95,87,84,92,95,76,96,86,89,99,80,89,89,94,90,91,92,82,87,87,90,91,90,82,95,86,94,94,87,87,92,94,97,89,91,93,91,89,90,94,90,96,78,93,96,88,77,90,93,95,98,90,79,89,93,91,81,94,94,93,94,93,91,101,93,95,96
92,95,89,90,80,88,88,82,94,91,94,85,81,93,87,89,94,96,90,74,91,94,79,92,87,85,95,76,89,93,90,93,87,95,90,88,91,91,94,91,87,95,78,95,94,85,90,91,94,90,91,93,93,92,93,89,95,92,96,87,94,89,89,86,90,96,97,90,90,86,83,94,93,73,92,91,96,95,93,93,92,94,99,98
92,95,91,90,85,89,90,79,94,87,95,90,85,92,88,95,96,96,94,80,91,93,81,89,80,83,95,86,89,81,88,91,82,97,85,87,95,90,96,91,77,95,77,98,85,88,92,93,86,89,93,93,92,91,94,89,93,92,95,91,94,89,91,91,84,96,97,88,91,83,88,88,95,85,96,90,96,96,95,95,101,90,99,97
91,93,94,93,90,89,95,84,95,88,88,93,86,90,98,96,96,99,95,86,90,95,82,90,83,88,94,84,88,85,89,91,69,95,90,88,92,90,97,92,71,95,79,98,89,89,90,88,79,93,92,92,65,94,98,88,95,90,94,92,96,93,93,80,83,95,97,88,92,84,88,87,95,87,96,86,96,98,95,94,101,89,101,98
95,93,91,75,85,90,95,86,98,92,91,92,88,94,97,98,94,101,96,84,92,96,89,89,91,91,93,85,78,88,89,91,76,96,90,87,76,82,91,90,82,92,86,83,87,85,89,85,82,89,92,92,68,94,99,88,76,89,96,92,101,94,95,87,80,94,97,91,90,88,93,85,97,88,81,90,95,99,96,90,100,85,102,98
95,92,92,78,85,93,93,82,93,92,90,93,91,93,95,87,93,103,96,87,91,94,90,87,92,89,95,85,77,91,90,84,71,95,92,76,74,83,91,82,85,91,89,83,72,80,89,89,87,95,92,93,81,94,97,87,77,87,93,92,83,98,88,90,74,92,99,94,91,91,96,85,97,90,86,90,95,99,96,88,99,86,95,98
93,78,91,82,87,95,94,92,85,93,91,85,87,91,87,86,95,98,80,87,85,93,91,88,92,88,79,88,85,92,91,88,81,93,91,76,77,83,92,87,87,94,92,82,76,76,91,87,82,96,91,87,89,97,98,77,66,84,83,93,84,87,84,88,88,92,101,96,92,92,81,87,98,91,87,91,97,96,91,79,100,73,87,99
93,84,83,83,88,96,90,76,82,92,89,87,86,82,88,87,92,95,68,92,86,94,91,87,91,87,77,91,88,91,86,79,84,77,90,73,80,84,92,78,89,94,91,85,80,88,87,90,83,94,78,76,80,93,98,83,75,86,91,94,88,98,89,87,87,91,98,98,90,94,66,91,93,90,91,85,94,94,90,79,100,75,89,98
94,79,94,82,87,94,94,81,85,93,84,82,85,84,90,92,88,96,81,92,86,92,91,90,91,89,78,90,88,90,87,87,86,85,94,72,84,88,95,89,88,93,92,89,82,91,86,93,88,93,78,82,91,85,98,80,81,89,82,91,92,100,78,85,88,91,99,81,91,92,68,91,99,93,98,84,95,93,90,87,98,77,89,95
93,93,87,83,75,86,93,81,86,95,83,72,90,84,92,94,93,95,70,92,90,86,81,92,89,77,72,89,87,89,90,81,87,82,95,62,74,90,95,87,87,94,92,92,85,93,94,93,86,94,82,87,81,80,97,86,86,89,81,90,91,91,77,88,88,91,107,85,92,92,84,92,105,92,97,83,96,97,91,95,100,82,90,97
94,79,87,79,68,88,90,77,88,89,88,80,89,86,97,96,92,97,80,84,93,79,90,71,89,86,66,90,85,83,92,71,89,92,91,80,79,90,94,84,88,94,94,88,86,88,80,93,85,94,84,91,90,87,84,92,84,83,87,91,95,71,77,91,80,79,107,89,93,90,92,87,104,92,93,85,95,88,83,88,98,89,92,93
91,74,92,73,61,82,91,83,90,81,91,87,90,89,103,94,95,91,82,82,95,81,89,74,86,86,81,92,74,84,92,65,83,91,73,86,85,94,96,72,88,74,92,94,86,74,86,92,86,96,86,92,84,92,84,92,90,88,89,92,96,76,80,94,92,89,103,93,95,91,93,79,100,92,92,80,95,73,85,82,99,91,94,92
96,78,95,76,77,82,88,81,88,77,94,90,81,89,99,96,94,94,81,80,93,75,88,83,88,76,84,86,70,86,93,75,89,87,80,83,87,86,94,79,92,81,93,93,86,80,73,90,87,97,87,92,82,87,92,92,90,66,92,96,94,80,82,92,88,83,106,86,92,91,91,87,103,90,94,88,89,80,84,83,96,93,98,92
97,83,92,70,87,88,62,76,86,82,82,90,86,89,95,97,96,94,80,84,89,84,88,84,82,73,87,91,78,83,93,80,88,92,85,79,88,73,94,86,94,89,91,92,85,65,75,90,85,94,88,92,83,84,93,91,89,75,92,96,78,85,84,90,85,89,85,90,90,90,81,89,101,86,78,89,94,89,76,78,98,81,90,94
79,84,92,78,86,84,70,76,86,82,79,89,89,89,96,83,95,94,81,88,91,90,90,89,83,80,73,93,82,86,93,83,88,95,89,80,85,77,95,90,91,80,92,91,84,62,65,93,83,92,89,94,87,87,93,85,90,79,92,92,83,85,78,90,84,90,88,93,91,92,89,89,91,82,90,90,95,86,87,87,99,85,94,89
83,83,80,85,82,90,74,74,87,90,82,90,91,90,95,93,94,93,83,63,92,91,91,81,86,78,71,73,83,86,92,84,88,75,87,82,83,83,95,89,92,73,93,87,85,70,71,92,84,67,98,92,87,84,93,92,91,78,95,91,87,88,81,91,85,91,95,92,92,96,88,87,89,79,91,92,94,83,88,87,99,90,88,89
85,84,89,86,80,90,80,79,87,91,84,90,92,91,90,94,92,90,87,65,93,86,76,81,90,78,70,81,78,89,91,87,90,80,90,84,75,87,83,88,90,83,93,89,89,76,75,92,91,87,98,90,88,85,94,93,91,79,93,90,92,90,82,93,81,90,95,94,92,90,81,86,90,84,92,92,89,80,89,88,98,91,88,86
87,87,84,86,82,91,77,84,89,90,79,88,93,94,88,94,90,95,85,63,89,87,70,85,91,86,64,89,87,92,92,88,89,82,91,83,75,85,78,87,97,85,92,89,88,80,83,93,76,81,91,84,90,86,89,94,80,89,90,91,93,94,82,93,82,79,95,93,91,92,71,77,88,82,93,85,87,85,87,91,97,85,90,90
91,89,85,75,80,90,82,83,90,88,78,79,92,89,87,90,91,92,88,76,80,88,73,86,91,88,63,90,87,89,89,88,73,84,82,83,79,86,82,85,82,84,94,95,92,81,82,93,79,82,87,93,92,88,93,90,85,75,90,92,86,94,86,94,84,89,91,92,92,93,84,77,89,85,92,80,87,87,89,91,96,87,92,92
94,89,90,81,76,86,80,84,92,88,85,80,92,90,72,86,95,96,87,83,80,90,77,89,92,84,67,72,87,71,81,74,75,87,77,84,82,85,86,87,88,90,93,91,93,79,76,79,88,82,90,92,76,90,93,89,85,74,88,91,88,94,84,91,90,88,94,94,92,92,79,80,90,90,90,87,85,91,89,90,97,91,91,90
94,90,88,76,76,90,77,84,91,88,90,87,95,90,81,91,94,92,84,79,86,90,81,90,92,75,72,78,87,83,85,84,83,88,83,82,84,75,85,74,94,89,81,90,90,91,79,66,82,82,96,95,76,88,92,90,81,70,83,74,88,95,69,94,85,80,78,94,91,91,91,82,90,89,82,89,90,92,87,89,99,87,90,92
94,92,90,78,76,91,86,82,91,93,89,92,75,70,76,89,79,95,81,87,87,89,85,93,93,74,85,82,83,83,82,87,85,92,88,83,83,72,89,78,94,84,84,87,87,91,83,66,84,81,79,94,79,86,89,86,79,83,82,82,89,81,75,87,83,87,58,87,92,87,81,84,95,72,85,94,91,92,88,88,85,88,91,88
94,78,90,80,79,89,89,78,89,76,83,85,78,68,80,90,80,92,85,87,84,82,89,92,95,75,91,87,80,81,84,80,74,82,88,83,88,68,91,74,93,85,66,91,86,78,88,75,88,83,82,94,80,87,94,74,83,82,85,82,90,61,78,78,84,83,80,87,91,86,91,84,90,58,85,90,91,89,91,84,87,92,91,90
93,83,90,83,79,82,65,78,89,87,90,85,88,70,88,88,81,95,71,90,80,88,87,85,93,81,89,89,82,87,86,68,80,86,89,86,90,64,80,80,89,87,83,81,75,85,86,84,87,85,85,74,84,76,79,74,86,76,79,79,88,49,85,83,85,82,84,89,88,89,82,86,74,70,85,92,88,86,92,81,96,88,89,90
75,84,76,84,75,80,68,86,91,87,89,86,82,77,92,90,88,94,67,85,90,90,80,91,91,79,88,88,87,91,91,74,78,90,89,87,91,77,80,86,74,86,85,73,82,81,88,81,85,88,90,70,89,83,78,75,87,84,77,80,90,51,85,76,78,83,70,75,90,88,60,86,79,80,86,92,90,84,79,80,99,90,92,90
71,83,84,84,75,82,76,66,90,87,90,91,83,83,89,91,89,89,78,70,89,89,86,92,91,76,82,85,82,78,90,69,83,90,78,84,90,84,70,87,88,86,86,67,86,83,89,80,79,80,93,74,95,90,78,76,89,85,74,83,90,58,80,82,79,83,74,87,89,90,59,87,87,88,88,78,95,84,80,75,82,96,84,90
72,83,88,84,83,70,80,69,89,82,79,91,82,85,87,96,94,89,80,80,88,87,86,92,91,80,75,86,83,78,82,75,74,85,82,83,89,84,72,87,91,85,91,62,74,72,89,73,76,89,91,78,98,85,93,80,87,81,80,85,89,67,81,87,79,79,88,92,89,90,71,89,89,84,92,77,99,88,88,86,65,99,88,98
82,85,90,83,78,67,79,74,88,85,79,89,83,86,86,94,82,90,81,81,80,82,86,90,90,80,82,92,83,87,63,80,81,89,73,84,88,79,80,85,88,85,90,76,78,84,92,64,78,79,89,81,97,87,82,76,87,82,75,84,92,82,72,74,85,81,85,78,89,91,83,85,88,88,76,76,94,91,90,90,82,89,89,90
84,87,90,84,82,77,82,79,89,91,79,89,85,85,88,85,86,82,70,77,65,89,77,91,87,77,85,91,83,89,66,80,82,89,71,83,87,82,80,74,79,86,91,80,81,72,90,80,81,82,91,90,90,87,76,69,80,81,73,82,92,85,81,61,79,80,86,80,92,91,90,80,89,83,78,80,96,89,90,90,89,91,79,91
80,86,80,70,75,81,81,72,88,95,80,89,85,85,88,73,90,89,69,76,73,85,74,93,88,76,86,72,78,88,78,66,86,91,68,69,88,82,85,81,86,88,91,85,83,79,71,78,83,83,91,89,88,88,87,73,83,82,77,85,91,82,81,73,81,71,87,81,91,87,92,85,88,88,85,88,95,87,79,70,96,93,91,95
84,69,73,84,70,82,77,78,91,92,82,89,86,72,87,78,91,76,85,76,76,86,76,91,87,82,91,74,70,89,65,67,86,89,76,74,83,67,74,84,90,87,89,84,86,88,76,78,86,86,92,87,86,87,92,83,86,82,76,87,90,84,68,77,85,86,85,82,72,78,73,84,89,79,62,86,90,91,77,50,76,91,75,93
82,72,80,70,76,82,80,84,93,92,84,90,84,76,86,86,77,82,79,74,74,74,80,84,87,86,85,73,81,86,71,62,83,91,74,81,83,63,83,80,90,87,90,81,86,89,82,79,86,88,70,90,88,87,95,84,85,85,79,78,73,87,72,80,83,87,88,91,94,70,77,84,90,72,75,87,88,94,79,59,77,77,75,76
84,77,83,70,82,82,82,75,94,60,87,83,87,84,85,85,82,86,74,82,72,77,82,82,87,87,74,73,76,74,82,67,87,92,76,84,76,68,86,80,88,86,76,85,84,80,87,77,87,89,66,74,87,77,92,74,83,89,81,72,58,75,77,77,82,89,90,90,93,76,75,85,75,90,72,86,84,94,83,60,85,81,78,70
86,83,85,75,86,80,85,85,90,65,88,70,80,80,83,85,87,79,68,86,75,76,76,85,84,79,77,68,77,75,85,71,86,92,80,82,80,73,88,85,92,73,73,87,88,88,76,77,85,89,64,77,84,75,94,84,88,71,82,63,68,79,80,74,85,89,90,70,89,82,79,85,76,79,68,82,86,93,84,64,96,93,84,76
89,87,87,79,85,82,82,83,88,72,88,82,83,81,86,85,86,87,64,84,81,73,79,82,83,71,81,70,79,82,86,76,77,67,80,79,84,62,87,88,92,70,80,71,81,79,75,75,73,87,79,85,83,80,72,88,77,76,81,68,74,82,80,76,87,92,92,74,91,82,83,87,81,83,75,82,87,92,84,67,95,93,85,87
92,90,86,82,86,84,87,83,89,78,89,84,88,82,88,87,86,89,67,83,85,64,82,76,83,78,74,79,79,84,87,77,77,67,79,77,84,63,88,84,92,75,72,68,79,84,70,71,73,89,80,75,83,84,73,87,82,85,80,62,80,80,81,68,89,89,85,89,91,84,78,87,87,87,81,83,86,83,89,74,82,93,86,88
94,91,88,87,84,80,67,85,86,71,70,86,87,71,85,82,86,79,81,77,84,72,82,85,83,81,73,85,80,81,81,81,78,83,81,78,80,65,76,85,78,78,68,68,80,66,79,74,63,84,87,69,86,84,71,90,86,86,68,72,88,77,84,69,92,91,80,67,75,84,72,86,87,91,77,83,82,77,80,65,83,91,87,89
87,82,85,71,80,77,75,85,87,78,71,84,79,71,77,78,87,84,80,82,90,76,81,80,87,79,82,80,81,84,72,84,76,82,81,76,87,67,77,77,76,78,61,72,79,60,84,75,71,87,86,73,91,83,73,85,80,67,82,68,81,79,85,73,94,90,77,71,73,85,72,86,90,89,82,83,80,80,82,70,87,91,89,89
83,85,83,69,79,81,63,84,90,78,71,90,66,75,69,84,71,85,66,84,76,82,84,68,82,79,72,78,82,85,74,83,77,69,81,70,86,75,75,76,76,81,59,72,77,59,85,77,81,93,86,76,91,85,74,85,75,73,89,73,78,76,92,72,88,81,67,73,82,71,76,87,88,85,82,85,76,84,79,63,86,85,87,86
86,82,85,80,75,83,72,78,87,76,60,91,66,82,79,86,78,84,58,81,83,77,77,69,84,80,70,79,76,74,81,85,79,62,81,73,65,68,82,72,80,69,83,71,76,59,83,77,82,83,83,75,89,89,80,72,83,61,80,79,84,80,78,66,86,83,73,72,72,80,83,88,87,87,79,88,64,86,81,69,59,67,90,77
85,73,87,65,67,83,75,80,87,75,61,90,82,81,69,90,81,82,51,66,85,71,67,78,82,83,75,81,82,78,82,86,83,55,83,76,60,68,85,71,82,72,70,76,74,64,79,72,90,91,85,77,87,91,80,66,86,71,62,80,83,83,76,58,61,86,77,87,78,85,72,84,88,88,81,86,79,86,83,80,74,86,87,76
90,77,76,67,66,83,77,82,76,78,71,87,85,83,72,73,87,76,55,55,68,78,76,81,85,68,76,83,72,84,70,84,78,58,78,76,70,61,81,75,85,73,76,82,76,78,79,78,79,87,84,80,86,88,69,56,93,86,64,77,83,82,76,69,75,87,78,73,76,86,70,89,74,63,75,86,84,87,66,86,83,75,78,82
69,84,66,74,80,84,80,83,84,79,72,88,65,84,80,74,76,82,63,56,72,81,81,76,82,74,76,80,78,81,52,64,84,70,75,80,80,57,84,78,85,88,78,85,78,76,74,79,79,89,83,82,85,86,76,73,78,81,63,80,86,84,76,68,86,86,75,77,77,71,82,78,63,64,82,84,82,88,64,85,82,43,79,66
80,84,64,85,86,81,82,84,83,78,72,86,79,72,75,65,77,86,71,56,67,83,83,67,79,80,74,83,83,80,61,68,83,75,73,84,78,51,87,78,85,62,79,74,80,83,66,81,84,87,80,80,82,84,70,78,71,82,73,81,86,80,75,76,84,86,77,80,77,71,82,73,68,67,84,81,81,86,76,84,57,62,76,72
67,83,80,78,83,81,80,83,90,83,83,88,88,70,66,67,74,87,83,61,80,79,83,73,82,82,75,83,55,84,63,74,82,76,72,81,79,53,82,81,80,58,78,83,80,81,69,78,84,66,71,80,54,86,49,78,65,79,79,80,71,85,74,80,88,86,82,81,77,77,70,80,75,70,84,82,75,86,80,84,49,64,82,78
76,82,61,73,86,82,84,84,86,84,62,87,84,78,59,70,85,77,83,65,72,71,81,68,85,81,77,83,60,85,65,78,82,86,73,74,81,71,87,84,71,67,74,85,78,81,75,78,84,73,67,81,50,84,58,80,68,81,90,83,67,83,77,61,90,86,82,86,83,82,74,86,80,78,82,76,77,87,62,82,57,73,84,79
81,75,71,79,84,83,86,82,71,85,71,88,50,84,68,77,87,83,82,72,66,72,85,76,70,82,77,64,65,86,71,75,83,82,80,78,82,66,75,83,66,74,74,86,83,85,63,75,82,70,76,81,57,88,64,71,81,84,79,75,79,83,83,63,85,85,74,64,79,83,75,84,81,86,84,68,75,86,78,70,64,79,82,70
80,73,77,84,72,83,85,77,72,84,81,87,46,85,73,60,88,85,84,71,75,75,75,70,71,80,65,57,79,84,53,61,84,60,84,80,82,67,66,83,70,77,76,83,84,83,61,76,79,74,65,83,52,78,70,83,76,74,75,76,65,81,84,55,83,75,79,64,81,84,76,71,86,88,75,75,79,91,85,76,71,79,79,78
56,75,83,65,68,76,73,79,79,80,71,64,57,84,68,52,61,75,62,65,79,87,59,64,71,82,67,71,66,84,64,61,73,69,69,80,83,73,71,82,70,78,80,60,82,59,72,72,83,75,67,83,47,81,67,85,57,68,74,78,69,78,83,59,82,60,81,65,82,83,76,62,64,85,69,76,80,88,88,79,74,78,65,84
65,76,75,79,69,80,73,64,86,86,81,59,70,75,70,58,72,55,62,64,84,79,70,71,79,82,67,78,59,66,69,58,73,69,87,71,76,77,77,80,75,81,80,61,80,59,72,75,87,85,78,70,53,79,81,84,50,69,79,65,80,70,81,54,82,59,82,65,85,81,78,69,67,87,67,75,78,80,83,74,83,81,62,86
68,77,68,79,78,75,83,57,82,88,79,74,80,72,65,67,80,55,76,77,61,81,60,74,88,70,67,76,60,71,75,65,79,73,72,61,79,72,78,76,75,79,81,68,72,76,74,67,85,89,81,65,56,58,68,77,51,74,83,55,83,70,79,75,83,75,87,73,86,84,78,68,78,82,80,59,85,73,88,80,83,82,66,72
73,71,72,74,83,80,84,63,84,71,70,82,60,69,61,74,80,61,58,71,50,68,57,74,89,70,74,82,57,74,81,73,70,70,59,67,82,67,79,68,67,81,77,75,80,73,80,67,77,81,87,73,71,56,56,74,61,81,70,52,80,78,79,71,67,74,87,83,69,86,76,71,80,86,72,63,76,72,88,79,85,83,71,84
78,61,63,82,60,79,84,77,62,72,73,85,67,76,55,77,70,69,70,72,59,67,65,71,87,73,74,84,56,69,85,81,58,79,77,54,86,74,79,63,65,82,78,76,75,72,70,72,78,79,86,65,63,61,60,78,79,86,64,56,80,74,78,72,51,80,88,81,69,78,78,75,78,80,65,71,63,76,79,86,68,82,75,84
81,61,69,80,63,84,82,76,75,74,77,86,71,77,53,77,59,73,62,76,63,70,64,68,72,76,67,84,54,62,88,82,63,70,85,53,84,75,71,62,80,84,77,76,76,77,80,78,73,89,88,57,56,65,58,83,71,77,71,60,80,56,81,76,57,82,88,86,78,74,68,78,75,82,66,75,71,71,60,63,50,82,78,78
82,54,74,80,73,80,72,85,66,78,82,66,78,80,59,74,51,61,62,85,69,72,66,73,64,77,69,82,58,52,83,74,76,71,66,57,86,67,60,69,80,85,59,76,74,83,81,75,59,83,79,66,60,67,59,79,74,67,63,77,79,48,67,84,56,79,86,88,85,78,75,80,64,85,70,74,73,69,57,59,70,84,79,82
82,61,67,70,66,80,55,63,91,66,81,44,80,76,66,74,72,59,51,82,63,72,64,82,77,77,69,69,69,56,81,75,72,82,66,73,73,75,63,81,55,87,66,77,65,82,84,75,60,88,82,75,68,79,64,59,82,69,53,75,79,63,77,88,80,75,82,91,85,80,78,82,67,85,71,76,74,65,63,54,76,86,81,82
53,74,67,63,70,79,63,62,61,66,83,53,81,57,68,74,79,75,49,79,78,46,78,87,81,77,63,84,72,70,85,77,76,71,71,68,82,77,70,68,61,79,70,75,67,73,73,60,61,78,81,76,72,77,72,65,62,75,47,67,83,66,77,71,81,81,82,67,82,77,78,80,70,84,77,65,85,71,75,55,75,81,75,79
62,63,66,70,74,80,81,58,70,66,69,65,81,67,71,76,83,75,58,79,78,64,80,72,78,81,79,77,75,58,81,67,77,64,76,65,66,77,73,79,66,80,70,70,76,67,82,56,66,83,83,77,68,74,82,68,68,78,52,58,83,64,77,69,84,67,80,73,84,79,74,82,80,81,61,51,71,74,78,50,47,84,79,58
58,65,70,75,72,79,83,64,56,68,74,71,91,73,72,79,85,82,68,81,73,70,69,71,69,77,77,76,77,66,77,79,82,84,82,73,63,46,72,82,63,83,73,57,79,71,82,38,69,89,77,75,72,71,81,80,78,77,54,60,84,74,78,69,73,51,87,77,84,76,76,65,86,66,57,41,65,77,78,48,42,85,71,59
61,46,76,75,70,78,67,69,76,62,82,80,85,72,73,67,84,81,77,81,37,74,54,76,62,80,75,76,73,77,56,54,83,71,82,59,69,36,72,83,64,82,77,61,87,72,82,53,75,85,87,73,74,65,76,80,70,77,61,61,83,55,75,77,74,52,84,85,87,78,79,62,83,56,63,45,65,76,80,55,45,84,80,54
63,51,80,79,68,79,69,71,71,62,75,86,90,78,74,72,86,83,75,77,40,80,68,79,79,83,80,76,72,77,65,54,80,54,79,56,75,44,80,73,67,72,81,55,71,79,73,68,82,86,74,77,77,67,67,61,76,78,48,68,85,57,68,66,74,53,78,74,67,83,79,67,73,68,78,48,70,82,73,65,65,87,82,52
60,57,79,82,67,71,80,67,67,67,79,75,55,83,75,79,75,72,81,84,71,82,60,75,82,81,79,76,71,75,73,69,77,46,73,63,79,40,84,48,72,57,77,53,72,80,55,80,68,86,60,80,75,68,63,66,73,72,50,75,83,55,67,63,84,67,58,68,73,60,69,68,79,65,81,50,75,86,83,71,66,74,82,57
62,70,81,83,74,50,80,51,53,80,75,68,48,82,74,84,60,55,78,78,42,72,53,54,79,81,67,80,73,73,80,76,80,68,80,66,79,43,75,62,68,48,74,59,77,68,72,82,71,65,58,74,70,74,66,72,59,79,48,75,79,64,72,70,75,71,60,76,71,68,66,81,63,70,90,53,75,86,85,74,72,76,83,59
64,73,79,82,74,48,79,52,49,78,81,81,47,81,79,72,58,65,74,63,56,58,63,50,68,79,71,80,72,73,72,75,67,52,80,61,73,51,78,64,79,47,81,64,79,69,81,85,75,66,55,78,80,74,71,70,70,71,51,77,81,51,75,75,71,69,61,75,74,76,72,66,70,69,80,56,72,82,84,64,75,78,66,56
75,75,76,80,73,48,68,66,52,77,82,87,58,73,78,71,68,72,68,67,64,63,61,45,73,75,79,79,73,59,53,82,58,52,82,77,82,58,78,59,80,57,71,69,77,70,80,73,61,77,61,80,79,77,73,79,74,72,53,80,80,46,67,73,75,76,68,70,79,73,74,71,80,76,72,69,79,79,65,53,80,81,67,48
69,75,65,83,74,53,78,71,59,62,82,71,60,65,66,78,71,79,73,69,71,63,61,50,76,72,77,82,73,64,63,73,73,53,76,70,59,56,82,53,81,57,64,76,74,54,53,70,69,81,78,81,66,67,59,77,68,73,65,71,76,59,61,74,78,71,67,66,84,79,67,78,83,77,71,70,77,63,69,63,84,83,75,47
68,76,53,72,74,61,65,81,61,70,63,69,76,62,57,75,75,83,55,74,66,61,70,75,79,53,77,81,83,69,65,79,73,44,75,73,56,76,73,52,74,64,69,80,78,47,60,70,70,61,79,82,70,68,64,76,72,82,68,66,82,62,61,74,79,66,69,70,89,77,58,83,79,83,81,74,66,67,76,56,81,84,78,46
73,76,64,55,74,67,63,61,59,62,63,79,76,68,62,64,84,63,46,73,75,57,70,72,75,48,75,83,72,74,75,82,56,44,82,77,55,60,60,59,52,58,77,81,86,55,67,77,77,57,75,79,77,66,71,73,75,74,68,73,84,60,72,70,82,67,77,75,52,55,66,84,72,82,74,67,59,77,66,63,74,81,71,55
73,73,53,66,68,68,60,70,52,58,75,79,80,62,72,78,68,68,43,76,63,75,76,73,60,49,78,82,86,72,72,48,52,49,83,77,58,59,78,76,62,49,84,73,62,54,70,64,83,64,57,74,57,62,77,63,69,59,68,73,71,62,80,74,73,65,87,80,48,61,74,82,73,80,43,81,63,76,72,79,72,83,71,64
67,79,56,71,61,67,71,75,62,63,83,45,77,60,71,68,55,71,46,78,70,61,71,75,61,56,87,75,80,81,56,49,52,45,83,65,60,54,76,73,60,71,78,42,63,57,68,48,75,72,66,77,62,68,66,53,68,79,70,78,58,70,73,75,54,78,83,78,47,75,66,85,72,72,43,66,64,73,77,76,75,68,78,68
55,63,64,85,66,68,76,75,67,69,80,61,76,55,68,73,70,64,71,78,74,69,72,72,60,68,79,80,85,71,70,71,59,43,66,58,66,63,70,77,69,54,82,42,71,68,80,61,70,77,73,77,64,67,40,75,73,73,72,82,60,58,76,61,66,60,80,78,44,70,68,79,78,66,40,67,74,76,81,69,88,84,69,62
52,60,56,59,55,75,77,59,67,76,79,70,59,60,71,80,68,72,68,64,70,74,75,73,57,72,81,79,84,73,73,77,75,60,76,63,53,64,71,73,74,49,82,46,79,73,77,61,58,80,83,79,66,56,47,82,78,52,79,79,71,64,81,44,73,64,71,79,63,71,64,58,67,77,54,77,74,66,78,61,74,74,57,61
54,58,68,63,49,58,74,61,74,82,82,79,57,45,77,73,82,56,70,46,52,80,69,71,56,77,71,66,62,79,59,77,67,66,72,63,64,81,74,60,79,47,63,51,52,74,63,56,56,86,83,83,75,48,62,81,78,55,76,78,78,65,64,49,72,75,84,79,64,75,65,63,55,85,52,64,74,70,77,64,70,78,52,73
57,57,73,76,62,61,80,69,65,73,89,84,55,41,69,70,48,62,60,45,55,79,48,65,63,79,71,65,46,49,49,75,75,73,64,70,80,60,72,52,56,56,73,69,59,58,50,62,61,66,62,62,80,55,74,67,52,50,73,78,80,73,38,61,63,68,64,82,72,76,72,72,63,60,57,72,44,76,80,73,55,71,72,77
53,52,72,54,55,51,78,70,69,55,83,79,66,40,65,67,49,71,63,54,61,71,51,65,60,66,63,69,61,63,61,76,72,55,70,60,81,36,55,73,52,63,73,76,61,61,54,66,61,63,55,63,84,62,73,71,61,45,70,81,73,77,52,63,65,73,60,80,68,76,72,80,67,69,63,73,47,79,73,76,74,61,73,84
63,65,78,67,56,61,76,76,69,59,74,82,59,44,73,77,43,53,58,54,69,56,62,58,70,69,66,72,70,49,63,82,52,46,72,46,74,45,63,75,51,70,74,71,70,73,78,72,64,75,48,63,74,70,75,63,68,69,68,81,68,67,69,68,74,81,72,73,70,60,54,63,63,72,67,79,55,79,77,78,87,57,75,66
75,72,78,62,70,64,73,59,70,64,71,80,66,42,68,82,49,71,60,50,70,55,74,64,69,54,61,70,78,45,72,80,48,56,73,50,58,54,61,76,61,73,65,80,50,68,68,62,64,65,48,74,47,58,77,65,75,68,54,75,73,67,71,60,74,53,64,57,74,64,50,67,73,79,73,66,59,67,77,78,67,58,76,53
69,61,65,76,82,51,66,57,77,68,70,79,78,56,77,66,64,76,68,68,65,57,75,63,61,61,56,81,72,63,71,79,47,65,75,53,70,58,74,79,62,76,73,80,63,72,42,67,71,72,55,74,57,73,77,62,80,59,58,79,78,67,61,74,74,58,74,58,84,61,50,73,63,83,83,50,68,69,80,70,67,64,81,68
75,56,72,64,63,54,56,70,72,67,60,61,77,50,74,83,77,77,62,73,70,61,76,77,66,75,59,49,61,53,73,81,44,74,74,58,72,58,76,73,64,64,83,64,74,71,47,59,80,73,59,69,60,62,76,73,86,66,62,75,83,49,66,72,76,64,82,53,63,75,49,76,70,80,85,59,63,64,73,63,75,66,75,66
76,66,73,52,59,58,57,68,67,73,61,75,72,53,70,84,60,77,70,80,64,71,78,79,70,70,67,65,65,57,65,75,43,81,67,55,73,70,84,59,70,61,66,56,73,56,68,62,74,74,69,56,62,65,70,76,74,57,63,78,74,41,75,56,71,54,71,54,71,80,41,80,67,80,75,66,63,52,85,58,75,59,78,59
76,70,68,79,67,62,63,70,71,75,68,60,80,62,79,74,58,78,68,65,55,69,68,60,70,43,75,80,62,65,59,78,46,51,57,63,76,66,81,70,73,68,62,72,78,47,63,62,78,75,71,59,69,63,77,77,84,57,55,80,61,49,78,50,57,64,56,63,79,56,50,57,44,79,68,75,65,53,72,55,75,60,80,78
81,67,60,46,62,52,76,74,76,67,76,37,82,68,63,60,62,80,67,50,65,75,64,66,60,48,70,84,74,65,53,63,55,71,59,74,68,60,49,61,64,71,61,65,55,48,65,64,82,69,81,71,71,46,66,77,73,69,53,78,61,53,77,56,56,65,60,74,74,52,53,57,42,74,38,69,70,52,43,56,75,54,73,80
79,70,59,41,52,46,72,77,71,68,76,56,66,63,65,68,78,80,66,54,75,75,57,68,77,47,65,81,63,62,54,67,69,41,58,66,65,63,66,41,71,76,64,70,63,50,69,69,73,69,62,58,73,47,64,80,60,83,56,65,73,57,75,56,66,72,51,60,79,67,52,59,52,74,31,56,69,58,47,56,70,68,69,82
78,68,57,64,69,65,75,76,61,63,58,66,60,66,73,79,60,79,58,66,73,45,57,67,57,48,70,74,65,56,57,76,73,36,62,54,65,50,78,34,71,76,68,65,72,58,76,71,77,79,53,67,78,69,67,81,62,69,80,56,78,62,68,56,77,71,36,46,83,70,58,58,56,79,47,67,75,56,49,47,75,72,79,82
78,69,65,59,78,64,65,74,57,71,49,67,47,78,60,65,57,78,67,50,63,45,79,60,60,51,75,72,73,52,58,79,72,52,66,44,67,63,46,41,71,71,74,47,75,66,78,56,69,57,62,68,75,56,76,59,47,68,76,52,71,65,55,48,71,63,43,55,80,74,50,65,64,81,40,69,76,52,67,56,83,79,79,80
80,70,54,60,71,66,39,67,52,62,74,67,44,74,56,64,64,48,78,45,73,43,59,72,71,55,72,51,47,56,71,79,69,47,55,43,75,64,48,46,66,51,74,48,81,75,73,44,77,47,74,69,76,73,76,58,48,72,60,48,64,65,61,53,62,78,72,55,50,81,44,74,53,80,48,66,78,46,70,60,57,82,85,77
82,71,50,62,55,47,38,68,45,60,81,83,59,60,57,77,51,57,44,60,70,50,49,55,67,56,74,49,61,62,63,63,67,45,70,61,77,65,54,55,76,55,80,50,75,75,42,39,82,46,55,74,69,71,71,49,63,78,47,45,70,69,56,53,64,69,65,72,80,50,48,71,52,55,60,67,79,52,76,63,58,78,72,67
81,65,65,70,67,49,50,74,42,73,60,72,70,67,48,56,53,76,56,59,67,53,40,37,37,65,74,53,73,65,69,55,69,33,86,71,76,49,67,59,71,63,63,45,69,74,37,56,64,52,46,77,72,67,69,64,75,76,41,58,68,74,69,63,59,70,71,75,56,66,52,56,60,57,54,71,75,67,65,66,63,71,62,71
64,59,48,71,59,60,60,71,50,84,46,76,74,63,65,62,64,76,71,48,68,42,38,47,38,70,71,58,72,76,73,56,68,57,71,68,75,52,72,62,46,69,49,50,63,71,42,58,56,55,61,73,69,73,68,53,79,78,53,67,59,31,56,62,56,80,71,76,61,66,69,62,68,62,51,74,74,67,62,70,78,64,65,78
67,51,48,74,50,59,44,68,42,79,40,64,71,62,55,69,64,53,71,41,69,44,44,54,41,57,68,62,45,61,73,55,79,46,76,63,81,54,73,48,54,69,50,69,59,77,46,51,49,71,65,75,64,70,66,64,81,76,63,66,75,49,64,66,67,59,67,77,59,73,66,72,73,70,51,74,75,77,65,53,77,69,77,68
69,40,49,78,36,67,50,66,57,78,50,69,40,51,61,66,47,64,75,54,68,43,45,80,44,58,58,69,41,55,74,74,73,42,57,63,69,51,73,64,59,60,61,61,67,70,54,58,49,72,55,75,55,68,61,63,81,76,68,63,57,55,65,72,74,51,59,76,59,79,63,77,70,71,62,74,75,57,61,69,81,52,81,65
76,47,67,63,46,71,51,70,56,75,56,64,47,55,56,72,52,62,72,64,59,62,66,72,45,61,52,60,45,56,72,67,69,46,59,55,51,53,80,67,65,65,73,64,48,75,62,57,52,57,33,71,62,60,60,73,69,67,72,67,63,55,72,73,58,54,49,80,55,67,48,62,56,75,69,63,63,54,53,64,70,59,79,55
74,54,67,71,48,61,47,61,62,67,66,71,58,64,54,56,68,64,70,68,57,51,68,58,50,73,54,66,55,59,66,74,59,47,66,65,57,66,67,58,43,76,62,69,45,62,58,60,47,54,36,82,56,62,59,60,68,52,67,61,71,64,65,77,68,57,48,80,58,37,53,52,61,71,74,53,68,67,59,70,56,58,79,59
74,52,75,74,66,73,65,49,63,54,72,72,55,72,51,65,77,71,77,70,56,62,75,66,48,61,51,65,65,73,72,80,58,56,75,69,40,65,76,67,58,74,49,75,41,70,60,55,60,61,39,66,58,55,55,66,63,47,71,60,60,52,67,75,66,63,55,80,76,51,66,57,62,73,72,60,58,76,57,64,61,66,72,55
64,61,75,72,68,55,34,45,66,61,77,73,60,72,44,70,58,49,77,70,57,69,57,72,38,36,54,73,68,76,68,74,70,59,65,61,49,63,80,72,62,78,53,65,31,71,56,53,75,66,45,70,61,64,54,68,55,37,74,63,69,60,62,64,67,67,56,70,68,67,62,67,70,83,78,57,66,37,71,61,62,64,56,50
67,59,73,63,65,65,44,58,64,59,76,73,83,65,56,73,63,52,70,58,60,71,59,70,41,44,65,75,72,62,63,49,80,71,44,62,65,63,56,77,72,61,56,71,36,73,58,58,56,72,51,72,70,73,58,72,45,40,68,59,54,55,62,68,67,64,52,67,74,75,63,76,59,84,74,54,67,45,77,65,52,69,60,51
75,61,66,55,72,67,59,66,65,71,69,58,50,59,75,77,62,64,71,62,60,61,69,58,35,69,65,69,72,55,69,81,71,70,57,74,54,54,53,59,67,38,76,73,36,76,66,54,60,73,41,72,59,56,51,72,44,45,69,77,46,66,69,73,74,69,58,67,77,79,68,79,50,70,74,56,76,59,79,67,62,69,68,49
70,64,81,63,61,55,72,65,75,78,51,60,63,60,48,76,66,61,72,58,58,45,63,63,32,75,71,74,48,71,73,73,66,62,67,76,55,43,59,63,70,39,79,75,26,79,71,45,70,76,23,23,58,56,46,61,50,65,60,33,54,52,74,61,77,75,64,64,68,55,72,64,68,63,56,77,79,71,71,81,61,75,75,59
70,66,63,69,46,53,74,71,61,70,54,67,76,62,36,69,79,75,67,77,60,53,61,48,44,71,70,43,56,54,65,70,60,67,72,75,55,50,71,68,67,48,53,75,31,62,70,55,70,78,29,36,63,67,49,61,49,79,57,33,62,51,58,77,62,52,74,56,56,37,74,65,44,69,58,59,81,68,56,63,70,75,71,32
50,66,65,77,36,56,78,72,49,81,55,73,69,51,40,74,82,57,65,52,58,53,61,45,64,73,70,47,58,51,71,60,70,78,70,72,51,58,81,59,65,70,48,71,23,63,61,63,76,69,47,42,54,69,53,57,47,78,65,34,71,54,52,48,65,43,73,47,61,50,56,63,44,71,61,57,74,68,63,61,72,82,78,41
42,68,66,78,49,52,59,68,53,79,62,73,80,55,57,73,90,59,72,61,61,71,62,52,73,82,58,51,61,59,60,58,73,65,53,42,54,57,62,68,70,56,61,62,25,75,47,69,49,68,67,44,51,57,68,62,61,50,50,43,60,52,53,51,62,34,74,55,66,74,49,46,47,68,58,65,70,78,55,74,69,57,79,54
49,66,53,80,55,69,64,70,66,53,62,76,58,48,60,76,73,62,66,63,72,68,74,45,74,80,60,53,50,68,63,60,69,65,65,41,63,62,53,59,71,46,75,44,28,44,55,63,41,64,74,40,47,59,70,63,56,52,47,56,65,45,56,53,73,51,80,61,57,71,57,52,57,67,57,74,78,80,51,70,68,71,76,65
50,55,56,57,60,43,69,77,74,45,65,40,58,47,54,79,67,66,63,65,66,65,55,50,64,59,57,73,50,74,71,70,77,61,61,50,68,65,53,59,71,64,72,55,58,58,65,61,44,80,73,49,51,50,73,59,65,61,53,72,71,41,64,66,75,63,77,68,60,80,59,60,65,45,60,66,73,84,41,70,68,71,79,59
40,61,52,43,52,44,62,77,72,58,64,54,70,53,51,52,74,69,59,65,62,62,52,52,61,58,56,49,50,73,67,69,69,64,74,52,65,67,49,59,61,67,62,52,40,68,62,50,55,74,65,60,58,60,64,50,55,66,56,62,68,42,63,69,69,64,74,72,60,77,53,62,68,46,62,47,46,76,50,55,72,77,75,77
49,72,58,61,51,43,71,68,75,73,64,62,80,54,58,56,73,71,65,58,56,62,61,61,51,70,70,46,52,65,41,68,77,67,66,61,52,69,57,66,57,67,60,45,33,76,65,58,46,50,70,71,56,66,49,62,52,73,64,73,79,57,54,67,60,71,74,72,60,56,42,72,72,63,64,67,49,83,49,47,66,75,82,77
60,63,64,68,66,49,69,32,68,55,65,62,83,59,55,58,53,71,72,39,54,45,67,56,45,76,76,45,46,71,46,73,70,73,79,68,56,66,55,60,54,61,48,44,39,75,70,58,50,55,65,69,63,78,57,56,58,80,69,63,80,53,49,74,62,71,74,57,69,71,61,75,75,53,44,46,57,70,63,42,62,77,82,68
69,71,65,72,56,61,66,30,78,54,63,63,83,56,60,62,59,80,66,45,47,46,62,64,54,77,76,53,44,71,51,63,60,69,48,68,70,71,64,35,57,63,79,44,52,77,61,63,65,52,58,45,59,80,57,68,76,73,58,60,73,51,44,65,69,71,77,60,73,75,71,68,79,51,55,42,53,55,43,64,62,75,83,78
